clip_id,participant_id,cohort,condition,repetition,pred_elbow,pred_asymmetry,pred_shoulder,pred_trunk,pred_head,elbow_sustained_deg,asymmetry_sustained_deg,shoulder_sustained,trunk_sustained_rad,head_sustained_deg,elbow_min_deg,asymmetry_max_deg,shoulder_max,trunk_max_rad,head_max_deg,n_frames,duration_ms,fps
P01_ASY_rep1,P01,detection,ASY,1,0,1,1,0,0,174.078,15.4514,0.192393,0.023115,2.58167,171.309,29.9062,0.201279,0.0339558,2.73664,38,1234,30.0
P01_ASY_rep2,P01,detection,ASY,2,0,1,1,0,0,172.18,31.5932,0.181576,0.0147812,2.4306,170.121,41.3272,0.191234,0.0180616,2.67979,44,1433,30.0
P01_ASY_rep3,P01,detection,ASY,3,0,1,1,0,0,172.667,34.862,0.179065,0.0196932,2.12049,170.408,38.6775,0.187757,0.023722,2.57147,47,1534,30.0
P01_ASY_rep4,P01,detection,ASY,4,0,1,1,0,0,171.664,29.5393,0.180224,0.018273,2.08377,169.489,32.4068,0.189496,0.0199421,2.40895,48,1566,30.0
P01_ASY_rep5,P01,detection,ASY,5,0,1,1,0,0,173.374,31.9604,0.179065,0.019647,1.82676,170.949,36.4842,0.185246,0.0226063,1.94587,44,1434,30.0
P01_COR_rep2,P01,detection,COR,2,0,0,0,0,0,170.589,3.61887,0.149781,0.00778339,1.0659,169.918,4.59117,0.156143,0.0108572,1.43171,41,1333,30.0
P01_COR_rep3,P01,detection,COR,3,0,0,0,0,0,169.28,4.18454,0.141685,0.0142028,0.993189,168.07,5.70784,0.144191,0.0162503,1.05352,45,1467,30.0
P01_COR_rep4,P01,detection,COR,4,0,0,0,0,0,169.823,6.30266,0.137444,0.0127681,0.727309,168.649,9.50812,0.141107,0.0139125,1.06375,43,1400,30.0
P01_COR_rep5,P01,detection,COR,5,0,0,0,0,0,170.181,3.43973,0.133396,0.0157148,0.802432,169.022,5.96986,0.138408,0.0171157,0.931878,42,1367,30.0
P01_COR_rep6,P01,detection,COR,6,0,0,0,0,0,170.27,3.7252,0.136866,0.0136909,1.43047,168.71,4.26252,0.140143,0.0165135,1.5415,48,1566,30.0
P01_COR_rep7,P01,detection,COR,7,0,0,0,0,0,169.528,2.4419,0.135131,0.00576929,1.54197,167.948,4.57994,0.137444,0.00844505,1.63182,47,1533,30.0
P01_COR_rep8,P01,detection,COR,8,0,0,0,0,0,170.212,3.11493,0.139372,0.0117187,1.35522,169.297,3.38844,0.142071,0.014084,1.55405,44,1434,30.0
P01_COR_rep9,P01,detection,COR,9,0,0,0,0,0,170.404,3.22947,0.13995,0.00554168,0.763056,168.534,3.71323,0.143613,0.0133867,0.856873,41,1334,30.0
P01_COR_rep10,P01,detection,COR,10,0,0,0,0,0,170.847,5.40551,0.140143,0.0135796,0.836178,168.924,5.92468,0.144191,0.0169528,0.92374,44,1433,30.0
P01_ELB_rep1,P01,detection,ELB,1,1,0,1,0,0,129.059,,0.226116,0.00872705,1.33595,126.839,20.4105,0.234047,0.0142252,1.52626,25,933,30.0
P01_ELB_rep2,P01,detection,ELB,2,1,0,1,0,0,119.015,9.25149,0.207161,0.0164875,2.2584,115.225,22.3586,0.211803,0.0185851,2.71509,43,1400,30.0
P01_ELB_rep3,P01,detection,ELB,3,1,0,1,0,0,118.468,,0.201164,0.0176686,1.65038,116.615,18.8596,0.210836,0.020147,1.77515,42,1435,30.0
P01_ELB_rep4,P01,detection,ELB,4,1,0,1,0,0,113.142,,0.200197,0.0207155,0.773521,112.214,20.7618,0.205033,0.0236104,1.04022,45,1467,30.0
P01_ELB_rep5,P01,detection,ELB,5,1,0,1,0,0,112.652,,0.206967,0.0273437,0.453626,112.276,17.6434,0.209482,0.031042,0.813885,46,1500,30.0
P01_HED_rep2,P01,detection,HED,2,0,1,0,0,1,171.076,17.465,0.143564,0.0129563,17.2826,168.414,17.5795,0.144717,0.0180994,17.6965,50,1634,30.0
P01_HED_rep3,P01,detection,HED,3,0,1,0,0,1,171.091,17.3617,0.155672,0.0106724,19.2507,169.245,19.7708,0.157401,0.0115358,20.483,45,1467,30.0
P01_HED_rep4,P01,detection,HED,4,0,1,0,0,1,170.991,23.0896,0.138759,0.0118024,21.0044,167.408,26.5902,0.144141,0.0157843,22.1133,44,1434,30.0
P01_HED_rep5,P01,detection,HED,5,0,1,0,0,1,170.743,18.9613,0.151636,0.0180326,22.9985,169.092,19.6019,0.152981,0.0199593,24.2122,47,1534,30.0
P01_SHR_rep1,P01,detection,SHR,1,0,0,1,0,0,175.487,2.47093,0.226206,0.00600054,1.78539,171.606,3.1123,0.232553,0.0147555,2.11124,36,1166,30.0
P01_SHR_rep2,P01,detection,SHR,2,0,0,1,0,0,173.746,3.11251,0.223705,0.0176067,0.669804,170.853,5.1464,0.231015,0.0269111,0.831086,35,1167,30.0
P01_SHR_rep3,P01,detection,SHR,3,0,0,1,0,0,165.302,1.43908,0.230245,0.00934321,0.421042,152.345,3.35323,0.236593,0.0106222,1.62684,37,1199,30.0
P01_SHR_rep4,P01,detection,SHR,4,0,0,1,0,0,174.234,3.74368,0.228129,0.0208476,0.632397,172.146,5.42257,0.237362,0.0236561,0.744264,36,1167,30.0
P01_SHR_rep5,P01,detection,SHR,5,0,0,1,0,0,175.971,4.06451,0.241402,0.0138267,1.02134,175.374,7.42432,0.248519,0.0162796,1.3282,32,1034,30.0
P01_TRK_rep1,P01,detection,TRK,1,0,0,0,1,0,164.357,,0.0823513,0.267827,,163.96,42.5611,0.0850388,0.275429,2.35563,40,1301,30.0
P01_TRK_rep2,P01,detection,TRK,2,0,0,0,1,0,166.752,,0.0817755,0.272538,,166.648,46.4503,0.0833112,0.27734,1.27774,48,1567,30.0
P01_TRK_rep3,P01,detection,TRK,3,0,0,0,1,0,163.971,,0.0712176,0.267851,,163.779,38.286,0.0783202,0.272388,1.92423,48,1566,30.0
P01_TRK_rep4,P01,detection,TRK,4,0,0,0,1,0,169.144,,0.0827353,0.233501,,167.735,55.6128,0.0883021,0.236612,4.32521,50,1634,30.0
P01_TRK_rep5,P01,detection,TRK,5,0,0,0,1,0,168.563,,0.0850388,0.258731,,168.101,50.2241,0.0867665,0.262614,2.13451,43,1400,30.0
P02_ASY_rep1,P02,detection,ASY,1,1,1,0,0,0,151.308,22.7473,0.121284,0.00707903,2.19014,148.956,34.7657,0.126558,0.00878216,2.4316,33,1267,30.0
P02_ASY_rep2,P02,detection,ASY,2,0,1,0,0,0,155.159,23.4555,0.102169,0.00970943,1.67277,151.771,30.2375,0.117329,0.0133836,2.16858,37,1267,30.0
P02_ASY_rep3,P02,detection,ASY,3,1,1,0,0,0,148.483,13.5837,0.0938196,0.00935543,1.34663,145.085,15.6854,0.112496,0.013749,1.50016,40,1300,30.0
P02_ASY_rep4,P02,detection,ASY,4,0,1,0,0,0,153.796,26.3079,0.10876,0.00957853,1.5727,150.938,36.894,0.122383,0.0115471,1.68098,41,1334,30.0
P02_ASY_rep5,P02,detection,ASY,5,0,1,0,0,0,153.49,32.5951,0.0951379,0.0130469,1.69999,148.673,38.483,0.108541,0.0145691,1.8588,40,1300,30.0
P02_COR_rep2,P02,detection,COR,2,0,0,0,0,0,163.832,5.57484,0.123444,0.0177832,0.810596,159.84,7.67242,0.138546,0.0197774,1.73523,30,1167,30.0
P02_COR_rep3,P02,detection,COR,3,0,0,0,0,0,160.969,2.99202,0.115783,0.00550661,1.13704,159.213,4.35871,0.124538,0.0112435,1.41828,32,1165,30.0
P02_COR_rep4,P02,detection,COR,4,0,0,0,0,0,162.23,5.74641,0.10856,0.0114293,0.794357,159.573,10.3738,0.119723,0.0150403,1.2243,35,1133,30.0
P02_COR_rep5,P02,detection,COR,5,0,0,0,0,0,162.966,5.24648,0.106153,0.00389505,0.811552,158.221,7.56839,0.115345,0.0125281,1.05899,33,1100,30.0
P02_COR_rep6,P02,detection,COR,6,0,0,0,0,0,156.651,2.77422,0.107028,0.0061408,0.619324,154.558,4.9379,0.117315,0.0129552,2.07606,34,1100,30.0
P02_COR_rep7,P02,detection,COR,7,0,0,0,0,0,158.998,7.1797,0.0903939,0.0123959,1.10886,156.496,9.72181,0.0969601,0.0143833,1.31047,34,1100,30.0
P02_COR_rep8,P02,detection,COR,8,0,0,0,0,0,160.189,4.20778,0.0956469,0.00639249,1.43775,158.219,5.24581,0.110092,0.0176644,1.57438,34,1100,30.0
P02_COR_rep9,P02,detection,COR,9,0,0,0,0,0,154.578,4.98345,0.0895184,0.0128276,1.76053,152.846,7.75576,0.103526,0.0137376,2.02368,34,1100,30.0
P02_COR_rep10,P02,detection,COR,10,0,0,0,0,0,154.659,2.48255,0.0892996,0.00776342,1.95815,151.486,6.86704,0.101119,0.0113822,2.14824,34,1100,30.0
P02_ELB_rep2,P02,detection,ELB,2,0,1,0,0,0,163.119,20.0851,0.0708971,0.00978591,1.18977,162.111,20.9431,0.0764829,0.013751,1.61731,33,1066,30.0
P02_ELB_rep3,P02,detection,ELB,3,0,1,0,0,0,164.317,17.2947,0.0650964,0.0100552,1.99828,163.834,18.1475,0.0708971,0.0145418,2.07351,31,1000,30.0
P02_ELB_rep4,P02,detection,ELB,4,0,1,0,0,0,165.008,20.7844,0.0706822,0.0120797,1.44129,161.995,21.3902,0.0758384,0.0168842,1.82559,32,1033,30.0
P02_ELB_rep5,P02,detection,ELB,5,0,1,0,0,0,156.117,17.0833,0.0732603,0.0140886,1.23561,152.828,18.2624,0.0816391,0.0170241,1.39072,31,1001,30.0
P02_HED_rep1,P02,detection,HED,1,0,0,0,0,1,165.163,5.92378,0.124563,0.0316378,13.5058,162.247,7.31008,0.134311,0.033897,14.0312,31,1000,30.0
P02_HED_rep2,P02,detection,HED,2,0,0,0,0,1,165.555,5.3456,0.143193,0.0274383,14.0626,161.657,10.7617,0.152075,0.030362,15.1305,37,1200,30.0
P02_HED_rep3,P02,detection,HED,3,0,0,0,0,1,163.488,5.36432,0.133444,0.0331839,13.7956,161.813,7.83322,0.147309,0.0381021,14.3286,37,1200,30.0
P02_HED_rep4,P02,detection,HED,4,0,0,0,0,1,162.102,4.70615,0.114381,0.048548,15.484,159.895,6.77343,0.121746,0.0515558,15.8362,39,1267,30.0
P02_HED_rep5,P02,detection,HED,5,0,0,0,0,1,160.774,5.24663,0.106149,0.0507774,16.3738,159.564,8.076,0.118064,0.0538129,17.1406,36,1167,30.0
P02_SHR_rep1,P02,detection,SHR,1,1,0,1,0,0,153.249,1.3255,0.175687,0.00702036,1.03136,150.766,3.35255,0.179227,0.00901689,1.38164,30,967,30.0
P02_SHR_rep2,P02,detection,SHR,2,1,0,0,0,0,149.643,1.43658,0.170155,0.00611714,2.01501,147.787,5.31664,0.175023,0.00950553,2.21207,38,1233,30.0
P02_SHR_rep3,P02,detection,SHR,3,1,0,1,0,0,149.809,3.45939,0.188299,0.00552072,1.40542,147.321,4.13087,0.195158,0.00740559,1.63769,37,1200,30.0
P02_SHR_rep4,P02,detection,SHR,4,1,0,0,0,0,149.167,3.27694,0.160419,0.00582282,1.77062,146.687,4.24238,0.167057,0.0147162,2.17228,36,1167,30.0
P02_SHR_rep5,P02,detection,SHR,5,1,0,0,0,0,149.798,2.20342,0.158428,0.00978239,1.96991,145.996,3.34871,0.162853,0.0120499,2.23571,38,1234,30.0
P02_TRK_rep1,P02,detection,TRK,1,0,0,0,1,0,161.66,7.45685,0.112606,0.0942623,0.00252859,161.184,42.6483,0.115459,0.0977813,4.01217,33,1067,30.0
P02_TRK_rep2,P02,detection,TRK,2,0,0,0,1,0,159.075,12.2699,0.11524,0.120203,1.66596,157.439,46.8162,0.118093,0.121819,9.26446,43,1400,30.0
P02_TRK_rep3,P02,detection,TRK,3,0,0,0,1,0,159.862,11.7753,0.114362,0.111203,1.07512,155.339,51.0546,0.118313,0.113356,9.34743,44,1434,30.0
P02_TRK_rep4,P02,detection,TRK,4,0,0,0,1,0,156.777,,0.118313,0.138374,,147.872,59.2423,0.124459,0.141559,8.82642,43,1400,30.0
P02_TRK_rep5,P02,detection,TRK,5,0,0,0,1,0,163.265,,0.107777,0.14565,,160.632,47.2389,0.11085,0.147158,11.6924,40,1300,30.0
P03_ASY_rep1,P03,detection,ASY,1,0,1,0,0,0,166.822,18.1375,0.101163,0.0108812,0.76142,165.915,28.5975,0.103553,0.0135065,0.814076,49,1933,30.0
P03_ASY_rep2,P03,detection,ASY,2,0,1,0,0,0,164.757,27.5896,0.092799,0.0114564,0.69624,162.897,33.1221,0.0937947,0.0145055,0.854766,54,2100,30.0
P03_ASY_rep3,P03,detection,ASY,3,0,1,0,0,0,162.416,24.7509,0.0810498,0.0106601,1.17433,160.642,29.3219,0.0832403,0.0145975,1.59182,57,1900,30.0
P03_ASY_rep4,P03,detection,ASY,4,0,1,0,0,0,164.669,20.8976,0.0764696,0.0160345,0.748138,163.662,27.7597,0.0796558,0.0183461,1.04657,58,1933,30.0
P03_ASY_rep5,P03,detection,ASY,5,0,1,0,0,0,164.326,28.3062,0.0768678,0.0151187,0.660116,162.999,32.9047,0.0794567,0.0194068,0.783728,63,2066,30.0
P03_COR_rep1,P03,detection,COR,1,0,0,0,0,0,170.399,4.99726,0.116103,0.0102034,0.764297,169.604,6.05952,0.120675,0.012889,0.941884,38,1366,30.0
P03_COR_rep2,P03,detection,COR,2,0,0,0,0,0,165.54,1.6666,0.115705,0.00776033,1.39186,164.226,3.59754,0.122265,0.00987266,1.61311,37,1234,30.0
P03_COR_rep3,P03,detection,COR,3,0,0,0,0,0,167.678,4.57154,0.103975,0.00882645,2.74384,166.951,5.46801,0.107951,0.010816,3.15246,42,1367,30.0
P03_COR_rep4,P03,detection,COR,4,0,0,0,0,0,168.947,2.43824,0.111331,0.00990263,2.16296,168.046,3.15822,0.115904,0.0118285,2.35587,41,1333,30.0
P03_COR_rep5,P03,detection,COR,5,0,0,0,0,0,168.164,3.36449,0.114711,0.011853,1.62108,167.288,3.75462,0.118289,0.0141163,1.84501,43,1400,30.0
P03_COR_rep6,P03,detection,COR,6,0,0,0,0,0,168.694,3.76142,0.118886,0.0108289,1.75743,167.783,5.03361,0.125248,0.0128672,1.93816,41,1333,30.0
P03_COR_rep7,P03,detection,COR,7,0,0,0,0,0,165.584,3.28961,0.105168,0.0116162,2.06249,163.437,4.02617,0.110337,0.0141194,2.20781,41,1333,30.0
P03_COR_rep8,P03,detection,COR,8,0,0,0,0,0,166.971,4.20895,0.119085,0.0161515,1.28926,164.425,4.78067,0.129621,0.0180963,1.55136,42,1367,30.0
P03_COR_rep9,P03,detection,COR,9,0,0,0,0,0,168.686,2.88842,0.128031,0.0129201,1.58954,167.081,4.23475,0.132405,0.0183131,2.43868,41,1334,30.0
P03_COR_rep10,P03,detection,COR,10,0,0,0,0,0,167.713,2.49036,0.131212,0.015778,1.08505,167.104,3.92792,0.136977,0.0263991,1.70836,39,1267,30.0
P03_ELB_rep1,P03,detection,ELB,1,1,0,0,0,0,149.767,1.96094,0.112765,0.0177736,0.278991,145.074,9.20484,0.123486,0.0195833,0.39406,34,1100,30.0
P03_ELB_rep2,P03,detection,ELB,2,1,0,0,0,0,150.028,5.39985,0.089537,0.0152922,0.810779,147.719,6.96091,0.10403,0.0175678,1.21361,35,1167,30.0
P03_ELB_rep3,P03,detection,ELB,3,1,0,0,0,0,150.552,3.60839,0.101846,0.0152471,0.232238,149.172,5.63233,0.11475,0.0177311,0.400171,36,1167,30.0
P03_ELB_rep4,P03,detection,ELB,4,1,0,0,0,0,142.961,7.21292,0.126464,0.0141283,0.776254,140.413,9.0326,0.136986,0.0168707,0.834339,37,1200,30.0
P03_ELB_rep5,P03,detection,ELB,5,0,0,0,0,0,154.459,2.00238,0.122294,0.0108746,1.05219,151.419,3.60773,0.13242,0.0170474,1.69029,37,1200,30.0
P03_HED_rep1,P03,detection,HED,1,0,0,0,0,1,168.249,10.5922,0.132097,0.00996142,24.1455,167.848,11.9977,0.136605,0.0120649,24.9778,27,999,30.0
P03_HED_rep2,P03,detection,HED,2,0,0,0,0,1,170.123,8.15079,0.134057,0.013733,20.8876,168.126,9.27514,0.138957,0.0163916,21.2889,33,1200,30.0
P03_HED_rep3,P03,detection,HED,3,0,0,0,0,1,167.718,8.95466,0.136213,0.0148487,23.023,165.694,10.6868,0.141897,0.0185844,23.1469,36,1267,30.0
P03_HED_rep4,P03,detection,HED,4,0,1,0,0,1,168.73,14.1312,0.130725,0.0303554,26.0389,166.225,16.357,0.135625,0.0335026,26.9274,38,1233,30.0
P03_HED_rep5,P03,detection,HED,5,0,0,0,0,1,168.386,8.02294,0.10799,0.0204707,22.8012,167.545,9.32931,0.11191,0.0212833,24.0641,36,1200,30.0
P03_SHR_rep1,P03,detection,SHR,1,0,0,1,0,0,158.997,4.04445,0.181132,0.00968023,1.7905,157.848,4.89682,0.193644,0.0149689,2.18618,26,1000,30.0
P03_SHR_rep2,P03,detection,SHR,2,0,0,1,0,0,158.18,4.78097,0.174975,0.0102105,1.92484,155.994,6.11066,0.17994,0.0130371,2.08282,38,1467,30.0
P03_SHR_rep3,P03,detection,SHR,3,0,0,1,0,0,158.27,2.01294,0.196028,0.00985433,0.857375,155.71,3.08993,0.20139,0.0151817,1.41253,35,1301,30.0
P03_SHR_rep4,P03,detection,SHR,4,0,0,1,0,0,154.172,4.70043,0.194638,0.0139426,2.06789,152.153,5.55342,0.199801,0.0213098,2.28408,44,1433,30.0
P03_SHR_rep5,P03,detection,SHR,5,0,0,1,0,0,158.322,2.11177,0.210725,0.0146092,2.14405,154.833,2.61254,0.221648,0.0185834,2.51968,40,1300,30.0
P03_TRK_rep1,P03,detection,TRK,1,0,0,0,1,0,164.492,,0.0629878,0.290127,,160.309,7.9216,0.0694069,0.294423,32.6717,38,1300,30.0
P03_TRK_rep2,P03,detection,TRK,2,0,0,0,1,0,163.735,,0.0282843,0.361047,,162.681,10.1754,0.0308921,0.368704,31.9968,61,2067,30.0
P03_TRK_rep3,P03,detection,TRK,3,0,0,0,1,0,166.372,,0.021464,0.41855,,165.525,13.7912,0.0280837,0.424416,27.5519,62,2033,30.0
P03_TRK_rep4,P03,detection,TRK,4,0,0,0,1,0,166.066,,0.0286855,0.375463,,164.671,16.0811,0.034904,0.384924,32.1942,49,1602,30.0
P03_TRK_rep5,P03,detection,TRK,5,0,0,0,1,0,164.72,,0.0345029,0.409168,,163.418,19.7308,0.041925,0.420222,29.7185,55,1799,30.0
P04_ASY_rep1,P04,detection,ASY,1,0,0,0,0,0,162.356,9.6956,0.0955003,0.0387198,1.76125,160.998,12.7492,0.0989767,0.0397116,1.98646,28,900,30.0
P04_ASY_rep2,P04,detection,ASY,2,0,1,0,0,0,162.056,46.8561,0.0840484,0.0456313,2.05233,160.887,55.5775,0.0860934,0.0521945,3.45404,46,1500,30.0
P04_ASY_rep3,P04,detection,ASY,3,0,1,0,0,0,161.244,23.0717,0.0750505,0.0347652,0.943077,159.981,32.6688,0.0770955,0.0490911,1.65361,43,1434,30.0
P04_ASY_rep4,P04,detection,ASY,4,0,1,0,0,0,162.179,26.2767,0.0865024,0.0409112,1.8564,161.363,36.7776,0.0883429,0.0535171,2.20401,43,1400,30.0
P04_ASY_rep5,P04,detection,ASY,5,0,1,0,0,0,162.329,31.3739,0.0750505,0.0502264,2.07444,161.32,42.3584,0.0762775,0.0598654,2.2739,45,1466,30.0
P04_COR_rep1,P04,detection,COR,1,0,0,0,0,0,166.902,2.53603,0.0506351,0.014412,1.9952,164.763,4.02223,0.0560448,0.0169207,2.11463,31,1000,30.0
P04_COR_rep2,P04,detection,COR,2,0,0,0,0,0,166.622,3.87426,0.077251,0.00866351,0.823799,166.042,4.49218,0.0822279,0.0125655,1.08131,40,1401,30.0
P04_COR_rep3,P04,detection,COR,3,0,0,0,0,0,166.91,2.13812,0.0841754,0.0114869,1.13379,165.654,2.66229,0.0926146,0.0186292,1.31388,37,1200,30.0
P04_COR_rep4,P04,detection,COR,4,0,0,0,0,0,167.216,2.74643,0.0718412,0.0101352,0.915608,164.382,3.49314,0.076169,0.0194601,1.09818,38,1266,30.0
P04_COR_rep5,P04,detection,COR,5,0,0,0,0,0,167.096,1.20404,0.0685954,0.00553403,1.02703,165.836,1.99872,0.0740051,0.0192085,1.38971,40,1300,30.0
P04_COR_rep6,P04,detection,COR,6,0,0,0,0,0,167.882,5.02051,0.0688118,0.0146446,1.51062,165.289,6.2689,0.0744379,0.0217469,2.1144,38,1233,30.0
P04_COR_rep7,P04,detection,COR,7,0,0,0,0,0,165.865,2.07459,0.0623201,0.0145452,0.845719,164.368,2.84777,0.0690282,0.0204968,1.00105,37,1200,30.0
P04_COR_rep8,P04,detection,COR,8,0,0,0,0,0,166.27,1.75197,0.051717,0.00487129,1.2384,165.281,2.47032,0.0577759,0.0173165,1.59607,34,1100,30.0
P04_COR_rep9,P04,detection,COR,9,0,0,0,0,0,164.862,2.5138,0.0595071,0.00846437,0.533054,163.485,3.22034,0.0666479,0.0159445,0.975595,36,1167,30.0
P04_COR_rep10,P04,detection,COR,10,0,0,0,0,0,165.326,3.5995,0.0499859,0.0101479,2.04136,164,5.05225,0.0562612,0.0190299,2.4271,35,1133,30.0
P04_ELB_rep1,P04,detection,ELB,1,0,1,0,0,0,156.685,22.8162,0.100406,0.0448987,1.15803,155.196,23.5076,0.103172,0.0466042,1.21922,23,932,30.0
P04_ELB_rep2,P04,detection,ELB,2,0,1,0,0,0,159.077,24.1342,0.0770066,0.0366153,0.555884,157.183,24.6634,0.0797721,0.0379784,0.801007,36,1435,30.0
P04_ELB_rep3,P04,detection,ELB,3,0,1,0,0,0,163.706,19.4979,0.092961,0.0444879,1.59581,162.939,20.6316,0.0978537,0.0464765,1.91892,34,1333,30.0
P04_ELB_rep4,P04,detection,ELB,4,0,1,0,0,0,157.387,27.1001,0.0931738,0.0492451,2.28289,156.704,28.0801,0.0959392,0.0510297,2.40597,39,1400,30.0
P04_ELB_rep5,P04,detection,ELB,5,0,1,0,0,0,166.117,28.63,0.084452,0.0429333,1.00747,165.531,29.7906,0.0897702,0.0458536,1.12014,40,1367,30.0
P04_HED_rep2,P04,detection,HED,2,0,1,0,0,1,163.227,16.9425,0.0434069,0.0711515,32.8457,158.697,17.3427,0.0469041,0.0752378,33.3474,44,1433,30.0
P04_HED_rep3,P04,detection,HED,3,0,1,0,0,1,162.276,13.4662,0.05287,0.0212328,24.8535,159.479,15.1187,0.0559558,0.0351196,25.2293,42,1400,30.0
P04_HED_rep4,P04,detection,HED,4,0,1,0,0,1,160.592,16.1372,0.0292122,0.0458443,27.5561,159.504,16.6901,0.030858,0.0558353,29.2322,46,1499,30.0
P04_HED_rep5,P04,detection,HED,5,0,1,0,0,1,161.143,21.4633,0.0510185,0.045206,34.1161,158.353,21.5672,0.0524586,0.0544504,34.2374,52,1699,30.0
P04_SHR_rep1,P04,detection,SHR,1,0,0,1,0,0,168.78,4.52801,0.202497,0.0233335,1.49788,167.242,6.07144,0.21176,0.0268557,1.79604,35,1167,30.0
P04_SHR_rep2,P04,detection,SHR,2,0,0,1,0,0,170.278,4.12485,0.176861,0.0238529,1.17348,167.984,4.79711,0.190864,0.0259254,1.81398,33,1067,30.0
P04_SHR_rep3,P04,detection,SHR,3,0,0,1,0,0,168.56,2.26599,0.191079,0.0356338,1.76856,167.379,2.84708,0.195603,0.039703,2.43978,34,1100,30.0
P04_SHR_rep4,P04,detection,SHR,4,0,0,1,0,0,168.948,2.56566,0.188494,0.0347863,0.724268,166.814,4.29501,0.193664,0.03886,1.11915,34,1101,30.0
P04_SHR_rep5,P04,detection,SHR,5,0,0,1,0,0,168.744,3.15106,0.207667,0.044509,2.19164,167.985,4.34332,0.212622,0.0472362,3.0862,34,1100,30.0
P04_TRK_rep1,P04,detection,TRK,1,0,0,0,1,0,163.38,,0.029508,0.182386,,160.88,27.1018,0.0305117,0.18506,15.3567,34,1134,30.0
P04_TRK_rep2,P04,detection,TRK,2,0,0,0,1,0,161.143,,0.0202742,0.205271,,158.341,25.3296,0.023486,0.211513,17.5249,48,1566,30.0
P04_TRK_rep3,P04,detection,TRK,3,0,0,0,1,0,160.445,5.0656,0.0250919,0.180662,2.4157,156.627,30.0346,0.0349279,0.182592,16.9682,49,1600,30.0
P04_TRK_rep4,P04,detection,TRK,4,0,0,0,1,0,161.006,,0.0192706,0.209216,,156.725,27.4584,0.0228838,0.215808,17.3922,45,1466,30.0
P04_TRK_rep5,P04,detection,TRK,5,0,0,0,1,0,161.778,,0.00441617,0.247104,,160.332,29.1709,0.00662425,0.252562,19.0819,47,1532,30.0
P05_ASY_rep1,P05,detection,ASY,1,0,0,0,0,0,168.049,7.61716,0.116547,0.0229641,2.8547,165.887,16.9813,0.124841,0.027147,4.50342,30,966,30.0
P05_ASY_rep2,P05,detection,ASY,2,0,1,0,0,0,170.761,15.7061,0.112293,0.0312833,2.9281,169.669,34.0613,0.122502,0.0360454,3.15367,39,1267,30.0
P05_ASY_rep3,P05,detection,ASY,3,0,1,0,0,0,170.876,37.1893,0.110804,0.0189851,3.9059,168.802,50.5437,0.124416,0.0227368,4.38868,44,1433,30.0
P05_ASY_rep4,P05,detection,ASY,4,0,1,0,0,0,167.393,50.9535,0.0871974,0.0284928,3.48963,164.757,60.2932,0.0952791,0.0291402,3.66997,43,1400,30.0
P05_ASY_rep5,P05,detection,ASY,5,0,0,0,0,0,169.947,10.0942,0.0880481,0.0369656,1.82796,168.912,21.0095,0.0982566,0.0382017,2.09135,38,1233,30.0
P05_COR_rep2,P05,detection,COR,2,0,0,0,0,0,167.287,1.89367,0.0948074,0.0266282,2.00438,166.574,3.27743,0.103622,0.0280214,2.18639,33,1233,30.0
P05_COR_rep3,P05,detection,COR,3,0,0,0,0,0,170.712,5.115,0.109211,0.0194794,1.26167,168.781,5.55062,0.121035,0.0215738,2.18641,38,1267,30.0
P05_COR_rep4,P05,detection,COR,4,0,0,0,0,0,168.969,4.57075,0.0913676,0.025,1.8134,166.605,6.18147,0.102977,0.0259812,2.13199,38,1301,30.0
P05_COR_rep5,P05,detection,COR,5,0,0,0,0,0,167.079,1.63105,0.074599,0.0176782,1.40139,165.799,4.23005,0.0853481,0.0208739,1.57388,38,1234,30.0
P05_COR_rep6,P05,detection,COR,6,0,0,0,0,0,169.246,5.8486,0.105342,0.0185774,1.94684,166.663,6.52812,0.117381,0.0214847,2.1327,39,1266,30.0
P05_COR_rep7,P05,detection,COR,7,0,0,0,0,0,166.611,4.27274,0.104052,0.0239287,2.07113,164.834,4.64178,0.118025,0.025806,2.18649,38,1234,30.0
P05_COR_rep8,P05,detection,COR,8,0,0,0,0,0,171.219,4.19512,0.110501,0.0189349,1.62161,170.052,4.78589,0.13028,0.0203087,2.13235,41,1333,30.0
P05_COR_rep9,P05,detection,COR,9,0,0,0,0,0,169.699,4.02444,0.107061,0.0192014,2.13306,167.194,4.54925,0.120175,0.0221299,2.18653,39,1267,30.0
P05_COR_rep10,P05,detection,COR,10,0,0,0,0,0,167.824,3.6861,0.0986771,0.0129583,1.76511,165.257,4.74256,0.109426,0.0139888,2.01089,39,1266,30.0
P05_ELB_rep1,P05,detection,ELB,1,1,0,0,0,0,127.824,,0.136706,0.0237254,2.21091,126.907,15.3316,0.149154,0.0248884,2.53056,30,966,30.0
P05_ELB_rep2,P05,detection,ELB,2,1,0,0,0,0,138.836,,0.130591,0.0235882,1.95555,137.407,11.3602,0.140855,0.0258954,2.53046,42,1367,30.0
P05_ELB_rep3,P05,detection,ELB,3,1,0,0,0,0,118.6,,0.122511,0.0255089,2.47327,117.083,24.9661,0.134522,0.0276123,2.53059,39,1266,30.0
P05_ELB_rep4,P05,detection,ELB,4,1,0,0,0,0,107.116,,0.127316,0.0312039,2.34211,105.44,24.8273,0.13889,0.0343643,2.53056,42,1367,30.0
P05_ELB_rep5,P05,detection,ELB,5,1,0,0,0,0,131.487,,0.14566,0.0318702,2.14926,128.975,22.1633,0.153085,0.0342551,2.53058,43,1400,30.0
P05_HED_rep2,P05,detection,HED,2,0,0,0,0,1,174.147,6.49847,0.114246,0.0210555,25.7773,171.359,9.12264,0.122932,0.0229683,27.733,39,1266,30.0
P05_HED_rep3,P05,detection,HED,3,0,0,0,0,1,167.805,5.86525,0.126272,0.00987494,23.8798,165.575,6.68702,0.134067,0.0118969,25.0058,43,1401,30.0
P05_HED_rep4,P05,detection,HED,4,0,0,0,0,1,169.298,6.64943,0.105338,0.0206084,27.1962,167.439,7.66951,0.110015,0.0233147,28.2528,41,1333,30.0
P05_HED_rep5,P05,detection,HED,5,0,0,0,0,1,172.298,3.16859,0.0877446,0.0124357,14.8362,170.551,4.44751,0.0928668,0.0148903,16.0191,39,1267,30.0
P05_SHR_rep2,P05,detection,SHR,2,0,0,1,0,0,171.135,3.6899,0.244741,0.0250443,1.78259,169.919,5.60788,0.256914,0.027359,2.03355,30,1000,30.0
P05_SHR_rep3,P05,detection,SHR,3,0,0,1,0,0,167.623,2.68121,0.250721,0.0298571,1.71831,165.417,6.86908,0.26204,0.0319619,2.08828,34,1100,30.0
P05_SHR_rep4,P05,detection,SHR,4,0,0,1,0,0,163.985,6.83231,0.252429,0.0324036,2.03318,162.029,10.8433,0.263962,0.0343887,2.08837,31,1000,30.0
P05_SHR_rep5,P05,detection,SHR,5,0,0,1,0,0,166.463,1.98765,0.237907,0.029556,1.90816,164.512,3.20789,0.251575,0.0314661,2.08833,30,967,30.0
P05_TRK_rep2,P05,detection,TRK,2,0,0,0,1,0,171.396,,0.0803139,0.227523,,169.742,21.0259,0.0831205,0.231581,30.9997,44,1433,30.0
P05_TRK_rep3,P05,detection,TRK,3,0,0,0,1,0,169.15,,0.0846318,0.277076,,167.858,22.4374,0.0902451,0.285653,27.8996,45,1500,30.0
P05_TRK_rep4,P05,detection,TRK,4,0,0,0,1,0,172.43,,0.0671441,0.274265,,170.286,18.7684,0.0701667,0.280817,20.6975,47,1534,30.0
P05_TRK_rep5,P05,detection,TRK,5,0,0,0,1,0,169.427,,0.0684395,0.289171,,168.244,22.2305,0.0718939,0.29776,19.0575,45,1466,30.0
P06_ASY_rep1,P06,detection,ASY,1,0,0,0,0,0,169.821,6.74023,0.139584,0.0387989,0.324422,165.695,12.1216,0.142289,0.0445495,0.413735,39,1400,30.0
P06_ASY_rep2,P06,detection,ASY,2,0,1,0,0,0,170.315,20.06,0.126271,0.0273928,0.483089,167.579,38.502,0.132304,0.0314899,0.656807,53,1734,30.0
P06_ASY_rep3,P06,detection,ASY,3,0,0,0,0,0,170.587,10.4553,0.143121,0.0233068,1.59939,168.724,33.7458,0.147489,0.0272281,2.01379,50,1633,30.0
P06_ASY_rep4,P06,detection,ASY,4,0,1,0,0,0,171.351,25.0391,0.128351,0.0255166,2.88904,169.361,41.9451,0.132096,0.0277258,3.57745,58,1900,30.0
P06_ASY_rep5,P06,detection,ASY,5,0,1,0,0,0,172.031,14.1222,0.120654,0.0175875,0.961592,171.349,24.271,0.122734,0.019727,1.03791,66,2165,30.0
P06_COR_rep1,P06,detection,COR,1,0,0,1,0,0,173.885,4.93136,0.203786,0.0456583,0.536915,170.19,7.0369,0.205644,0.0482113,0.665842,60,1966,30.0
P06_COR_rep2,P06,detection,COR,2,0,0,1,0,0,174.511,6.84728,0.198211,0.0422084,1.76218,170.971,8.15261,0.199863,0.0434968,2.04762,58,1900,30.0
P06_COR_rep3,P06,detection,COR,3,0,0,1,0,0,172.447,7.35725,0.179009,0.0524134,1.51741,168.892,8.44154,0.180454,0.0559503,1.67073,60,1966,30.0
P06_COR_rep4,P06,detection,COR,4,0,0,1,0,0,170.957,5.35087,0.190365,0.050454,0.919004,170.511,6.53668,0.193049,0.0549634,1.21725,55,1800,30.0
P06_COR_rep5,P06,detection,COR,5,0,0,1,0,0,171.668,6.34086,0.186855,0.0436464,0.882815,170.937,7.09524,0.19181,0.0498837,0.93379,57,1867,30.0
P06_COR_rep6,P06,detection,COR,6,0,0,1,0,0,173.643,2.16767,0.176738,0.0522617,0.3558,172.254,3.38894,0.179422,0.0586748,0.481429,53,1734,30.0
P06_COR_rep7,P06,detection,COR,7,0,0,1,0,0,171.965,1.77172,0.190365,0.0566018,1.33353,170.656,2.49651,0.194081,0.063416,1.48271,52,1700,30.0
P06_COR_rep8,P06,detection,COR,8,0,0,1,0,0,173.377,2.76618,0.192636,0.0561752,1.5879,173.074,3.25114,0.195733,0.0608487,2.24031,51,1667,30.0
P06_COR_rep9,P06,detection,COR,9,0,0,1,0,0,173.673,3.66488,0.178803,0.0529964,2.1686,172.363,4.39977,0.181693,0.0560711,2.63935,51,1667,30.0
P06_COR_rep10,P06,detection,COR,10,0,0,1,0,0,172.448,4.5197,0.186442,0.0435867,2.81068,171.588,5.50665,0.190778,0.0475534,3.15291,49,1600,30.0
P06_ELB_rep1,P06,detection,ELB,1,1,1,0,0,1,119.056,15.4064,0.125418,0.0668788,10.4098,117.524,17.4933,0.128354,0.0722402,10.7978,52,1700,30.0
P06_ELB_rep2,P06,detection,ELB,2,1,0,0,0,0,125.71,1.02751,0.149327,0.0784454,0.559596,125.261,23.3945,0.152473,0.0799385,4.48182,59,1933,30.0
P06_ELB_rep3,P06,detection,ELB,3,1,1,0,0,1,125.784,18.1708,0.137163,0.071404,7.88045,125.431,23.0847,0.13947,0.076946,7.94319,54,1766,30.0
P06_ELB_rep4,P06,detection,ELB,4,1,1,0,0,1,135.661,14.3756,0.11619,0.0703758,8.83358,134.963,24.0664,0.118497,0.0732643,9.46347,51,1667,30.0
P06_ELB_rep5,P06,detection,ELB,5,1,1,0,0,0,141.942,16.2666,0.112415,0.0840564,3.23342,141.664,27.4929,0.116609,0.0882184,7.19677,54,1767,30.0
P06_HED_rep1,P06,detection,HED,1,0,0,0,0,1,171.183,4.38092,0.150193,0.0471583,21.1618,169.042,5.14128,0.151651,0.0529688,21.3696,69,2267,30.0
P06_HED_rep2,P06,detection,HED,2,0,0,0,0,1,172.082,5.62021,0.11853,0.0527364,15.6668,169.93,7.56171,0.119155,0.0578535,15.8427,81,2666,30.0
P06_HED_rep3,P06,detection,HED,3,0,0,0,0,1,171.545,7.73859,0.104781,0.0432415,16.2121,169.492,9.56078,0.106031,0.0478437,16.4058,74,2434,30.0
P06_HED_rep4,P06,detection,HED,4,0,0,0,0,1,171.703,12.9923,0.104781,0.0406518,12.2348,169.271,13.6826,0.105406,0.0464683,12.2669,78,2567,30.0
P06_HED_rep5,P06,detection,HED,5,0,0,0,0,1,171.484,10.2476,0.0970735,0.0452263,14.6028,170.204,10.8133,0.0974901,0.0461101,14.7954,71,2334,30.0
P06_SHR_rep1,P06,detection,SHR,1,0,0,0,0,0,169.165,3.53202,0.123489,0.0270478,4.34511,168.797,4.82353,0.136683,0.029938,4.52598,64,2100,30.0
P06_SHR_rep2,P06,detection,SHR,2,0,0,0,0,0,171.02,7.55091,0.140188,0.0356232,5.28724,170.173,8.43612,0.180801,0.0408779,5.43566,66,2167,30.0
P06_SHR_rep3,P06,detection,SHR,3,0,0,0,0,0,171.524,5.05153,0.131117,0.0386003,5.12378,170.756,6.50802,0.132766,0.0440863,5.23737,66,2167,30.0
P06_SHR_rep4,P06,detection,SHR,4,0,0,0,0,0,169.919,4.54699,0.172555,0.0328775,4.14432,167.222,5.61543,0.206158,0.0347284,4.24701,64,2100,30.0
P06_SHR_rep5,P06,detection,SHR,5,0,0,0,0,0,172.005,2.61728,0.155237,0.0322795,4.70951,170.007,4.08922,0.156062,0.0349784,4.7975,71,2333,30.0
P06_TRK_rep1,P06,detection,TRK,1,0,0,0,1,1,166.289,7.41593,0.102497,0.164905,9.24673,163.637,9.80057,0.105843,0.167756,14.3849,63,2100,30.0
P06_TRK_rep2,P06,detection,TRK,2,0,0,0,1,1,167.488,9.39675,0.112119,0.182701,11.8505,165.085,17.7301,0.122368,0.190311,30.7102,66,2167,30.0
P06_TRK_rep3,P06,detection,TRK,3,0,0,0,1,1,169.268,8.89128,0.112119,0.19199,11.5101,166.694,13.0092,0.113165,0.196701,35.5108,65,2134,30.0
P06_TRK_rep4,P06,detection,TRK,4,0,0,0,1,1,169.836,10.5136,0.109399,0.11983,21.0786,165.992,10.9257,0.112119,0.123249,39.3325,61,2000,30.0
P06_TRK_rep5,P06,detection,TRK,5,0,1,0,1,1,168.235,14.0129,0.11442,0.113508,18.7529,166.464,15.1319,0.115466,0.116204,35.5231,72,2366,30.0
P07_ASY_rep1,P07,detection,ASY,1,0,1,0,0,0,159.361,27.2804,0.0944483,0.0633446,0.567426,157.475,33.5399,0.0989054,0.0650441,0.621323,38,1377,30.0
P07_ASY_rep2,P07,detection,ASY,2,0,1,0,0,0,158.242,23.0921,0.0827749,0.0711505,0.739057,156.7,36.0098,0.0870198,0.0750087,1.28676,41,1333,30.0
P07_ASY_rep3,P07,detection,ASY,3,0,0,0,0,0,160.586,8.38361,0.0798035,0.0745154,0.59422,159.185,54.9037,0.0825627,0.0772681,2.3531,43,1400,30.0
P07_ASY_rep4,P07,detection,ASY,4,0,0,0,0,0,160.469,10.5409,0.0948728,0.0783211,1.22811,158.845,48.5502,0.0976319,0.0848555,4.43948,46,1501,30.0
P07_ASY_rep5,P07,detection,ASY,5,0,1,0,0,0,160.376,13.7998,0.0819259,0.0795528,1.3877,158.309,57.8369,0.0882932,0.0878937,1.92281,41,1334,30.0
P07_COR_rep1,P07,detection,COR,1,0,0,0,0,0,164.852,5.72701,0.110742,0.0270299,1.25527,163.966,7.68659,0.11137,0.0374623,1.32203,59,1934,30.0
P07_COR_rep2,P07,detection,COR,2,0,0,0,0,0,164.867,3.85687,0.105718,0.03273,1.03419,162.922,6.16113,0.106974,0.0432252,1.2289,44,1434,30.0
P07_COR_rep3,P07,detection,COR,3,0,0,0,0,0,166.313,4.8145,0.0908543,0.0366782,1.08732,165.619,8.27796,0.0935757,0.0452326,1.34042,42,1366,30.0
P07_COR_rep4,P07,detection,COR,4,0,0,0,0,0,165.322,4.28157,0.0745256,0.0363595,1.80164,163.654,8.0522,0.076619,0.0427939,1.91845,40,1300,30.0
P07_COR_rep5,P07,detection,COR,5,0,0,0,0,0,165.887,9.9188,0.0799685,0.0416875,1.08993,164.567,10.7474,0.0822713,0.0520098,1.20317,40,1300,30.0
P07_COR_rep6,P07,detection,COR,6,0,0,0,0,0,167.132,7.2944,0.0822713,0.0369732,0.178227,165.889,10.6393,0.0843647,0.0497894,0.353258,39,1266,30.0
P07_COR_rep7,P07,detection,COR,7,0,0,0,0,0,165.574,5.81775,0.0705481,0.0419377,0.685527,163.718,7.815,0.0711762,0.0543386,0.864403,41,1333,30.0
P07_COR_rep8,P07,detection,COR,8,0,0,0,0,0,163.284,4.29211,0.068036,0.0368584,0.625591,162.751,4.9815,0.0692921,0.0498551,0.739705,40,1311,30.0
P07_COR_rep9,P07,detection,COR,9,0,0,0,0,0,164.209,2.92718,0.0776658,0.0434089,0.301939,163.341,5.28215,0.0797592,0.0599217,0.356,41,1333,30.0
P07_COR_rep10,P07,detection,COR,10,0,0,0,0,0,163.308,3.68155,0.0776658,0.0458841,0.503254,162.387,5.28184,0.0793405,0.0520243,0.758276,39,1267,30.0
P07_ELB_rep1,P07,detection,ELB,1,0,1,0,0,0,156.129,16.8244,0.128279,0.0638451,2.54899,151.747,19.2155,0.130991,0.0680647,2.78109,47,1534,30.0
P07_ELB_rep2,P07,detection,ELB,2,1,1,0,0,0,145.648,14.1275,0.125985,0.0572476,1.31109,144.941,16.4582,0.128279,0.0693677,1.48434,43,1434,30.0
P07_ELB_rep3,P07,detection,ELB,3,0,1,0,0,0,156.96,15.405,0.118476,0.052316,2.7325,154.46,16.7224,0.120144,0.0664027,3.07611,44,1433,30.0
P07_ELB_rep4,P07,detection,ELB,4,0,1,0,0,0,163.162,15.7284,0.112218,0.0599278,3.72559,161.393,17.3377,0.114513,0.0750701,4.00404,43,1400,30.0
P07_ELB_rep5,P07,detection,ELB,5,0,1,0,0,0,165.049,18.0891,0.105544,0.0611088,2.6894,162.654,20.4963,0.108047,0.0726193,3.32731,46,1500,30.0
P07_HED_rep1,P07,detection,HED,1,0,0,0,0,1,166.53,7.3063,0.137625,0.0417856,33.3399,164.857,10.7967,0.139954,0.0536086,33.6534,35,1133,30.0
P07_HED_rep2,P07,detection,HED,2,0,0,0,0,1,165.126,3.27234,0.139743,0.0380918,30.9112,164.311,4.90473,0.145036,0.0574462,31.4735,41,1334,30.0
P07_HED_rep3,P07,detection,HED,3,0,0,0,0,1,164.727,4.52164,0.136778,0.0540045,33.5092,162.817,7.56149,0.144401,0.0571068,34.4868,40,1300,30.0
P07_HED_rep4,P07,detection,HED,4,0,0,0,0,1,165.806,9.79836,0.155623,0.051708,31.2761,165.135,15.266,0.161551,0.0562424,32.4926,41,1333,30.0
P07_HED_rep5,P07,detection,HED,5,0,0,0,0,1,163.612,8.66468,0.168326,0.0522631,29.784,162.356,12.3523,0.176796,0.0584381,30.6144,37,1201,30.0
P07_SHR_rep1,P07,detection,SHR,1,0,0,1,0,0,168.552,5.12568,0.234475,0.0643991,2.12402,167.088,11.0292,0.236339,0.0661889,2.52403,38,1221,30.0
P07_SHR_rep2,P07,detection,SHR,2,0,0,1,0,0,170.555,4.23289,0.246903,0.0557334,2.66334,169.556,12.7569,0.251667,0.0572279,3.14523,42,1366,30.0
P07_SHR_rep3,P07,detection,SHR,3,0,0,1,0,0,169.252,6.47731,0.225775,0.0519695,0.822567,167.479,8.51065,0.228468,0.0530487,1.21827,42,1467,30.0
P07_SHR_rep4,P07,detection,SHR,4,0,0,1,0,0,171.353,5.21054,0.239239,0.0575555,1.18435,169.148,8.14085,0.242553,0.0579642,1.41208,37,1401,30.0
P07_SHR_rep5,P07,detection,SHR,5,0,0,1,0,0,167.43,4.21,0.221425,0.058154,2.18914,164.695,10.8897,0.229296,0.0596984,2.81433,35,1367,30.0
P07_TRK_rep1,P07,detection,TRK,1,0,0,0,1,0,166.549,,0.132171,0.203595,,166.008,42.9454,0.134911,0.207057,39.3308,46,1500,30.0
P07_TRK_rep2,P07,detection,TRK,2,0,0,0,1,0,163.043,,0.115307,0.185221,,162.387,56.3926,0.116572,0.189339,40.7868,48,1566,30.0
P07_TRK_rep3,P07,detection,TRK,3,0,0,0,1,0,161.06,,0.0961243,0.234793,,160.719,57.142,0.101816,0.23734,38.4443,45,1467,30.0
P07_TRK_rep4,P07,detection,TRK,4,0,0,0,1,0,159.419,,0.0883247,0.245847,,157.408,59.5074,0.0910651,0.250662,36.2385,44,1433,30.0
P07_TRK_rep5,P07,detection,TRK,5,0,0,0,1,0,161.99,,0.0830548,0.250945,,160.595,60.6863,0.0862167,0.257396,37.5405,47,1534,30.0
P08_ASY_rep1,P08,detection,ASY,1,0,0,0,0,0,172.957,12.3082,0.152344,0.0178221,1.14905,171.878,12.9443,0.160267,0.0265191,1.2722,46,1525,30.0
P08_ASY_rep2,P08,detection,ASY,2,0,1,0,0,0,174.332,24.4382,0.163889,0.0280399,1.21317,172.717,36.3783,0.166152,0.0313829,1.27214,55,1800,30.0
P08_ASY_rep3,P08,detection,ASY,3,0,1,0,0,0,173.974,34.1955,0.143063,0.0323591,1.01328,172.175,40.6209,0.145553,0.0388953,1.21386,51,1666,30.0
P08_ASY_rep4,P08,detection,ASY,4,0,1,0,0,0,173.288,39.0574,0.152797,0.023751,1.27216,172.373,46.4697,0.154608,0.02862,1.37458,49,1750,30.0
P08_ASY_rep5,P08,detection,ASY,5,0,1,0,0,0,173.099,44.3861,0.162531,0.0248922,1.01493,172.13,52.0208,0.165926,0.0335788,1.27217,52,1825,30.0
P08_COR_rep1,P08,detection,COR,1,0,0,0,0,0,174.432,13.0592,0.153841,0.0187371,1.57143,170.968,14.0292,0.161018,0.0286228,1.93391,29,1100,30.0
P08_COR_rep2,P08,detection,COR,2,0,1,1,0,0,175.039,14.1757,0.174025,0.0258894,1.27171,174.234,15.5815,0.181425,0.0362714,1.54293,32,1233,30.0
P08_COR_rep3,P08,detection,COR,3,0,1,0,0,0,175.058,13.5922,0.152496,0.0314198,1.96941,170.967,14.8444,0.154963,0.0318206,2.62624,36,1333,30.0
P08_COR_rep4,P08,detection,COR,4,0,0,0,0,0,175.087,12.0174,0.162363,0.022379,1.4912,171.132,13.5997,0.164606,0.0363573,1.60474,41,1366,30.0
P08_COR_rep5,P08,detection,COR,5,0,1,0,0,0,174.153,13.545,0.158102,0.0265109,1.75984,171.347,14.8354,0.161242,0.0320671,2.50245,41,1367,30.0
P08_COR_rep6,P08,detection,COR,6,0,0,0,0,0,174.844,10.2737,0.161466,0.0208562,2.07494,172.753,11.4066,0.165503,0.0255382,2.42258,36,1167,30.0
P08_COR_rep7,P08,detection,COR,7,0,0,0,0,0,175.174,11.035,0.170885,0.0288041,2.08601,173.37,13.5531,0.1738,0.0305788,2.18671,41,1367,30.0
P08_COR_rep8,P08,detection,COR,8,0,0,0,0,0,172.883,10.6315,0.158551,0.028899,1.81315,172.048,13.3475,0.159896,0.0296385,1.94191,42,1367,30.0
P08_COR_rep9,P08,detection,COR,9,0,0,0,0,0,172.996,8.8816,0.159672,0.0262482,2.00842,171.732,11.8632,0.161466,0.0280964,2.02369,38,1234,30.0
P08_COR_rep10,P08,detection,COR,10,0,0,0,0,0,173.435,7.08705,0.172455,0.0244303,1.46464,172.826,9.46327,0.174025,0.0264752,1.86685,44,1433,30.0
P08_ELB_rep1,P08,detection,ELB,1,1,1,0,0,0,149.525,15.9802,0.137574,0.0355459,3.84249,145.953,18.3891,0.138921,0.0365314,3.86964,50,1634,30.0
P08_ELB_rep2,P08,detection,ELB,2,1,1,0,0,0,152.548,18.553,0.147673,0.0398266,4.84876,148.284,22.7383,0.149469,0.0405817,5.19415,50,1633,30.0
P08_ELB_rep3,P08,detection,ELB,3,0,0,0,0,0,153.748,12.1836,0.136676,0.0366066,4.43401,152.46,13.4225,0.138472,0.0372752,4.57106,49,1600,30.0
P08_ELB_rep4,P08,detection,ELB,4,0,0,0,0,0,166.122,9.45645,0.134432,0.026345,4.64491,165.438,9.82796,0.13533,0.0271311,5.1336,50,1634,30.0
P08_ELB_rep5,P08,detection,ELB,5,1,0,0,0,0,151.966,12.4485,0.134432,0.0295383,4.99311,151.415,13.0986,0.134657,0.0323407,5.1941,54,1767,30.0
P08_HED_rep1,P08,detection,HED,1,0,1,0,0,1,175.372,13.8281,0.163542,0.0336458,16.342,161.357,14.9268,0.167992,0.0391675,17.8557,41,1334,30.0
P08_HED_rep2,P08,detection,HED,2,0,1,0,0,1,175.257,17.0318,0.167325,0.0444341,19.1683,173.414,17.6531,0.174667,0.0482829,20.4714,40,1300,30.0
P08_HED_rep3,P08,detection,HED,3,0,0,1,0,1,174.897,11.0715,0.17756,0.0408487,18.3812,174.045,13.1511,0.1829,0.0463459,19.0949,41,1333,30.0
P08_HED_rep4,P08,detection,HED,4,0,0,0,0,1,174.428,7.19584,0.172887,0.0537259,23.8022,173.793,9.88137,0.17578,0.0577022,24.602,47,1534,30.0
P08_HED_rep5,P08,detection,HED,5,0,0,0,0,1,174.525,11.9279,0.164209,0.0491888,19.8442,173.754,12.4293,0.16599,0.0571618,20.6508,44,1433,30.0
P08_SHR_rep1,P08,detection,SHR,1,0,0,1,0,0,172.834,11.0513,0.249885,0.0218255,4.76782,171.181,11.5043,0.255049,0.0239632,5.03699,36,1300,30.0
P08_SHR_rep2,P08,detection,SHR,2,0,0,1,0,0,173.23,10.4044,0.255049,0.0322983,4.00009,171.85,10.9595,0.256172,0.0340623,4.32373,40,1366,30.0
P08_SHR_rep3,P08,detection,SHR,3,0,0,1,0,0,174.394,7.37783,0.249885,0.0285845,4.3566,172.13,8.71582,0.253702,0.0325447,4.7078,38,1300,30.0
P08_SHR_rep4,P08,detection,SHR,4,0,0,1,0,0,173.324,6.1845,0.251232,0.0192201,4.68267,172.195,7.196,0.257968,0.0259375,5.10878,40,1300,30.0
P08_SHR_rep5,P08,detection,SHR,5,0,0,1,0,0,173.337,9.75185,0.238659,0.0157338,4.91547,171.192,10.2127,0.242701,0.0189242,5.36981,38,1233,30.0
P08_TRK_rep1,P08,detection,TRK,1,0,1,0,1,1,167.991,17.9351,0.0224627,0.147184,7.35448,166.23,68.0623,0.0254578,0.152833,34.5727,39,1467,30.0
P08_TRK_rep2,P08,detection,TRK,2,0,1,0,1,1,168.679,46.5121,0.0498459,0.114678,12.9895,166.812,72.1494,0.0581892,0.118121,27.6655,40,1434,30.0
P08_TRK_rep3,P08,detection,TRK,3,0,1,0,1,1,165.025,41.0586,0.0521991,0.131625,7.92473,162.287,70.5843,0.0596867,0.135072,24.7454,38,1367,30.0
P08_TRK_rep4,P08,detection,TRK,4,0,0,0,1,0,163.856,,0.0282389,0.156666,,157.566,72.8408,0.0455673,0.164041,20.1162,37,1233,30.0
P08_TRK_rep5,P08,detection,TRK,5,0,1,0,1,0,164.871,32.6437,0.024816,0.134489,5.75903,162.483,67.8477,0.0361543,0.139846,19.7998,39,1267,30.0
P09_ASY_rep1,P09,detection,ASY,1,0,1,0,0,0,173.537,47.3907,0.121213,0.0355261,1.03386,170.97,62.6976,0.124428,0.0429382,1.33655,46,1633,30.0
P09_ASY_rep2,P09,detection,ASY,2,0,1,0,0,0,174.097,56.292,0.11138,0.0280781,1.387,173.04,68.536,0.113838,0.0352194,1.6033,51,1699,30.0
P09_ASY_rep3,P09,detection,ASY,3,0,1,0,0,0,175.779,68.5322,0.0981428,0.0195099,1.65414,175.066,78.0972,0.100412,0.0253294,1.88163,54,1767,30.0
P09_ASY_rep4,P09,detection,ASY,4,0,1,0,0,0,175.029,51.1437,0.109111,0.0191293,0.946737,174.383,62.5639,0.110056,0.0237414,1.06561,51,1667,30.0
P09_ASY_rep5,P09,detection,ASY,5,0,1,0,0,0,172.626,61.7612,0.104572,0.0195125,1.45127,171.95,69.4816,0.10722,0.025497,1.49783,50,1634,30.0
P09_COR_rep1,P09,detection,COR,1,0,0,0,0,0,175.398,6.11716,0.103944,0.0156195,1.676,173.385,7.29887,0.111896,0.0199896,1.80186,32,1034,30.0
P09_COR_rep2,P09,detection,COR,2,0,0,0,0,0,173.972,2.35351,0.0950452,0.0168381,1.41485,172.353,4.05565,0.105269,0.023483,1.87773,32,1034,30.0
P09_COR_rep3,P09,detection,COR,3,0,0,0,0,0,176.059,5.75927,0.11341,0.0240452,0.977537,170.917,10.0187,0.120984,0.0282782,1.16312,35,1133,30.0
P09_COR_rep4,P09,detection,COR,4,0,0,0,0,0,174.303,5.00988,0.0874718,0.0353327,0.808925,172.724,6.93465,0.0912585,0.03648,0.993791,37,1200,30.0
P09_COR_rep5,P09,detection,COR,5,0,0,0,0,0,174.921,4.11219,0.0732719,0.0221182,0.561999,171.637,7.25066,0.0770585,0.0253449,0.766033,40,1300,30.0
P09_COR_rep6,P09,detection,COR,6,0,0,0,0,0,174.972,7.29931,0.0848212,0.0207013,0.627021,171.315,8.44933,0.0903118,0.0267235,0.758244,37,1200,30.0
P09_COR_rep7,P09,detection,COR,7,0,0,0,0,0,175.307,3.81685,0.0878505,0.0106685,0.877472,170.921,6.3224,0.0976958,0.0195225,1.14211,35,1133,30.0
P09_COR_rep8,P09,detection,COR,8,0,0,0,0,0,175.706,4.20378,0.0821705,0.0100609,0.577676,171.167,5.82148,0.0863358,0.0177761,0.675362,37,1200,30.0
P09_COR_rep9,P09,detection,COR,9,0,0,0,0,0,175.546,3.0317,0.0711892,0.0135913,0.336005,170.977,3.58389,0.0759225,0.0233877,0.700341,38,1233,30.0
P09_COR_rep10,P09,detection,COR,10,0,0,0,0,0,175.363,4.50645,0.0785732,0.0159923,0.924774,171.833,7.82733,0.0838745,0.0244832,1.03949,42,1367,30.0
P09_ELB_rep1,P09,detection,ELB,1,1,0,0,0,0,132.448,,0.0914011,0.0119819,0.66389,129.576,5.77961,0.0952175,0.0183336,0.715984,39,1267,30.0
P09_ELB_rep2,P09,detection,ELB,2,1,0,0,0,0,141.499,9.64673,0.0618246,0.0161116,0.606129,140.101,15.6698,0.0635419,0.0188718,0.715991,40,1300,30.0
P09_ELB_rep3,P09,detection,ELB,3,1,0,0,0,0,124.336,,0.0583899,0.0345509,0.953271,123.441,8.38574,0.0604889,0.0350242,1.0884,40,1300,30.0
P09_ELB_rep4,P09,detection,ELB,4,1,0,0,0,0,133.039,8.43264,0.0620154,0.0207428,1.35958,132.761,9.70098,0.0631603,0.0229742,1.43851,44,1433,30.0
P09_ELB_rep5,P09,detection,ELB,5,1,0,0,0,0,139.806,3.29685,0.0732736,0.00612135,0.66433,137.351,9.38422,0.0744185,0.0102199,0.864107,40,1300,30.0
P09_HED_rep1,P09,detection,HED,1,0,0,0,0,1,175.498,6.88309,0.0856256,0.0173247,27.2718,174.198,16.5676,0.0955642,0.0205147,29.5055,31,1167,30.0
P09_HED_rep2,P09,detection,HED,2,0,0,0,0,1,175.473,5.87754,0.0791272,0.0160862,30.6609,173.726,6.60339,0.0858167,0.0270114,33.1448,29,1167,30.0
P09_HED_rep3,P09,detection,HED,3,0,0,0,0,1,176.061,3.93644,0.0573385,0.0349021,27.4317,173,6.16872,0.0603966,0.0401029,29.2307,33,1067,30.0
P09_HED_rep4,P09,detection,HED,4,0,0,0,0,1,174.91,5.63775,0.0563829,0.0271258,28.8064,171.06,8.53595,0.0611611,0.0397608,32.6792,37,1200,30.0
P09_HED_rep5,P09,detection,HED,5,0,0,0,0,1,174.938,3.57243,0.0575297,0.0525577,35.088,169.589,4.56945,0.0611611,0.0551952,37.0475,38,1234,30.0
P09_SHR_rep1,P09,detection,SHR,1,0,0,1,0,0,174.522,6.08669,0.226681,0.0111368,1.72416,173.532,7.07025,0.233665,0.0118203,1.88371,34,1300,30.0
P09_SHR_rep2,P09,detection,SHR,2,0,0,1,0,0,171.794,9.50837,0.227059,0.0122399,0.7261,171.366,13.9316,0.230834,0.0139642,1.36472,39,1363,30.0
P09_SHR_rep3,P09,detection,SHR,3,0,0,1,0,0,168.106,6.53985,0.207618,0.00865268,1.12004,167.115,8.17248,0.212714,0.0171389,1.26444,40,1299,30.0
P09_SHR_rep4,P09,detection,SHR,4,0,0,1,0,0,170.379,2.89629,0.199502,0.0139251,1.36568,169.236,3.14093,0.208184,0.0175134,1.41607,40,1300,30.0
P09_SHR_rep5,P09,detection,SHR,5,0,0,1,0,0,174.019,2.59561,0.211204,0.0203095,0.6693,172.852,5.77869,0.220075,0.0234767,1.30609,39,1267,30.0
P09_TRK_rep1,P09,detection,TRK,1,0,0,0,1,0,176.412,,0.0135786,0.162235,,174.581,44.6585,0.029986,0.16579,29.9924,38,1400,30.0
P09_TRK_rep2,P09,detection,TRK,2,0,0,0,1,0,167.909,,0.0177276,0.159061,,167.04,50.3733,0.024894,0.167124,31.3091,40,1367,30.0
P09_TRK_rep3,P09,detection,TRK,3,0,0,0,1,0,174.365,,0,0.181167,,173.871,58.9906,0.0084866,0.185635,34.4235,37,1234,30.0
P09_TRK_rep4,P09,detection,TRK,4,0,0,0,1,0,172.051,,0,0.189285,,171.482,51.0937,0,0.195622,30.1904,38,1233,30.0
P09_TRK_rep5,P09,detection,TRK,5,0,0,0,1,0,169.46,,0,0.222547,,168.082,58.5264,0,0.231357,34.5076,38,1266,30.0
P10_ASY_rep1,P10,detection,ASY,1,0,1,0,0,0,162.817,42.8202,0.157741,0.0232273,1.26427,159.566,56.6525,0.170495,0.0275533,1.43935,36,1166,30.0
P10_ASY_rep2,P10,detection,ASY,2,0,1,0,0,0,163.32,35.0951,0.161097,0.0242337,1.30518,158.892,55.9738,0.170942,0.0279222,1.61978,37,1199,30.0
P10_ASY_rep3,P10,detection,ASY,3,0,1,0,0,0,155.302,42.0439,0.15528,0.013065,0.775806,147.636,52.3974,0.161545,0.0272971,1.04953,37,1200,30.0
P10_ASY_rep4,P10,detection,ASY,4,0,1,0,0,0,156.351,40.3371,0.15886,0.0129739,1.67038,148.824,58.7049,0.164677,0.0145018,1.90092,36,1200,30.0
P10_ASY_rep5,P10,detection,ASY,5,0,1,0,0,0,163.058,50.4966,0.16602,0.0223962,0.715652,158.006,68.8949,0.17139,0.0260454,0.817149,41,1334,30.0
P10_COR_rep1,P10,detection,COR,1,0,0,0,0,0,160.862,11.3086,0.12826,0.0102154,0.232619,156.635,14.0964,0.135897,0.0129868,0.406203,32,1034,30.0
P10_COR_rep2,P10,detection,COR,2,0,0,0,0,0,163.404,7.65018,0.142411,0.0125045,0.904623,157.897,11.4415,0.148476,0.0157754,0.979709,32,1034,30.0
P10_COR_rep3,P10,detection,COR,3,0,0,0,0,0,165.135,11.4737,0.148026,0.0111448,0.313261,161.836,14.9491,0.152744,0.0157683,0.46906,35,1133,30.0
P10_COR_rep4,P10,detection,COR,4,0,0,0,0,0,161.513,9.82657,0.13118,0.00833443,0.55528,156.888,12.7676,0.140838,0.0117965,0.994123,31,1000,30.0
P10_COR_rep5,P10,detection,COR,5,0,0,0,0,0,162.567,9.54526,0.122644,0.0129424,0.460548,157.453,12.2946,0.134324,0.0182499,0.715969,31,1000,30.0
P10_COR_rep6,P10,detection,COR,6,0,0,0,0,0,161.255,6.81593,0.134998,0.0070758,0.369056,152.855,12.1624,0.146005,0.0143714,0.5598,31,1000,30.0
P10_COR_rep7,P10,detection,COR,7,0,0,0,0,0,160.568,8.02955,0.12826,0.00784467,0.345053,153.358,14.4589,0.138592,0.0147304,0.775904,29,933,30.0
P10_COR_rep8,P10,detection,COR,8,0,1,0,0,0,162.681,13.6967,0.13118,0.00893368,0.251272,156.391,16.8765,0.140389,0.0133684,0.889065,31,1000,30.0
P10_COR_rep9,P10,detection,COR,9,0,1,0,0,0,160.121,13.5152,0.117253,0.00877208,0.566135,156.775,17.2496,0.129158,0.0115515,0.803067,31,1000,30.0
P10_COR_rep10,P10,detection,COR,10,0,0,0,0,0,160.753,11.3953,0.135672,0.0078306,0.242592,154.839,13.344,0.145331,0.0126348,0.827921,32,1033,30.0
P10_ELB_rep1,P10,detection,ELB,1,0,1,0,0,0,161.391,29.1163,0.123408,0.0227571,0.362729,158.441,33.5572,0.131009,0.0240396,0.458859,40,1299,30.0
P10_ELB_rep2,P10,detection,ELB,2,0,1,0,0,0,163.813,19.5938,0.13794,0.0179074,0.704273,161.831,20.7681,0.14174,0.0247799,0.883258,42,1366,30.0
P10_ELB_rep3,P10,detection,ELB,3,1,1,0,0,0,150.198,21.3131,0.14174,0.0178517,0.455042,148.232,28.2605,0.152024,0.0192882,0.521924,38,1233,30.0
P10_ELB_rep4,P10,detection,ELB,4,0,1,0,0,0,163.537,30.5648,0.114913,0.0137044,1.7496,161.61,32.8245,0.122737,0.0204422,1.85006,41,1333,30.0
P10_ELB_rep5,P10,detection,ELB,5,0,1,0,0,0,164.347,27.3933,0.102393,0.0101827,1.30033,162.445,29.1243,0.107088,0.0181133,1.39528,40,1300,30.0
P10_HED_rep1,P10,detection,HED,1,0,0,0,0,1,161.912,13.0083,0.159743,0.0348606,28.5561,157.283,15.2862,0.165383,0.0358938,31.3151,37,1200,30.0
P10_HED_rep2,P10,detection,HED,2,0,0,0,0,1,161.036,6.95802,0.168993,0.0437557,30.4621,157.237,8.71352,0.17847,0.0445595,32.832,39,1266,30.0
P10_HED_rep3,P10,detection,HED,3,0,0,0,0,1,160.844,9.62379,0.170798,0.0326846,24.0273,157.224,12.601,0.177793,0.0343543,26.3854,37,1200,30.0
P10_HED_rep4,P10,detection,HED,4,0,0,0,0,1,161.449,8.83472,0.171701,0.0422963,25.3618,155.185,9.49267,0.178018,0.0461327,27.1477,37,1201,30.0
P10_HED_rep5,P10,detection,HED,5,0,0,0,0,1,161.07,8.46692,0.171024,0.038665,26.1601,158.635,11.518,0.175085,0.0404675,27.5659,38,1233,30.0
P10_SHR_rep1,P10,detection,SHR,1,0,0,1,0,0,163.818,10.9663,0.217656,0.027645,0.794092,161.096,12.7715,0.223733,0.0299681,1.02666,32,1134,30.0
P10_SHR_rep2,P10,detection,SHR,2,0,0,1,0,0,165.964,6.88686,0.217206,0.0208336,1.16992,162.593,8.20566,0.220807,0.0230772,1.31452,37,1200,30.0
P10_SHR_rep3,P10,detection,SHR,3,0,0,1,0,0,164.765,9.22499,0.212704,0.0209221,1.25522,160.879,9.48366,0.219907,0.0252531,1.5359,38,1233,30.0
P10_SHR_rep4,P10,detection,SHR,4,0,0,1,0,0,162.505,9.80196,0.230711,0.0181701,1.53072,157.301,10.9466,0.24309,0.0246051,1.77251,37,1234,30.0
P10_SHR_rep5,P10,detection,SHR,5,0,0,1,0,0,163.267,13.0913,0.220132,0.0215079,1.06657,159.054,14.8692,0.229135,0.0271864,2.30535,38,1233,30.0
P10_TRK_rep1,P10,detection,TRK,1,0,0,0,1,0,157.773,,0.0936466,0.123762,,154.951,49.5833,0.0949844,0.128444,37.0786,33,1201,30.0
P10_TRK_rep2,P10,detection,TRK,2,0,1,0,1,0,156.615,18.899,0.084282,0.135711,4.28832,151.276,53.0202,0.0876265,0.14613,41.1477,31,1201,30.0
P10_TRK_rep3,P10,detection,TRK,3,0,0,0,1,0,156.953,,0.0584177,0.14237,2.95662,152.7,50.8655,0.0602014,0.150143,34.1694,32,1233,30.0
P10_TRK_rep4,P10,detection,TRK,4,1,1,0,1,1,152.95,23.1546,0.0882954,0.13087,7.41857,148.125,48.1391,0.091417,0.13748,36.2495,36,1233,30.0
P10_TRK_rep5,P10,detection,TRK,5,0,1,0,1,1,154.796,21.2928,0.0784848,0.166532,9.27859,151.498,48.2756,0.0853968,0.17824,40.4441,38,1234,30.0
P11_ASY_rep1,P11,detection,ASY,1,0,1,0,0,0,171.873,43.5961,0.109605,0.0526643,1.34741,169.721,48.0685,0.1123,0.0619851,1.5201,45,1500,30.0
P11_ASY_rep2,P11,detection,ASY,2,0,1,0,0,0,172.337,63.5199,0.0995426,0.05133,1.46457,169.106,68.863,0.102597,0.0574397,1.71393,51,1667,30.0
P11_ASY_rep3,P11,detection,ASY,3,0,1,0,0,0,172.224,53.9037,0.0973865,0.0382396,0.55746,170.233,62.3002,0.100082,0.0512749,0.626028,46,1499,30.0
P11_ASY_rep4,P11,detection,ASY,4,0,1,0,0,0,171.452,59.6746,0.094871,0.0452741,1.02368,169.316,64.9425,0.0997223,0.0547221,1.24061,46,1500,30.0
P11_ASY_rep5,P11,detection,ASY,5,0,1,0,0,0,172.081,60.9328,0.0894806,0.0436821,1.05344,168.763,67.8831,0.091457,0.0539745,1.27191,47,1534,30.0
P11_COR_rep1,P11,detection,COR,1,0,0,0,0,0,172.853,8.28896,0.100946,0.0251283,1.93362,169.797,9.43747,0.104434,0.0291438,2.08848,43,1401,30.0
P11_COR_rep2,P11,detection,COR,2,0,0,0,0,0,172.523,5.31375,0.084795,0.0172655,1.48609,170.253,6.47589,0.0910354,0.0201316,1.54159,42,1366,30.0
P11_COR_rep3,P11,detection,COR,3,0,0,0,0,0,171.778,6.64879,0.0866304,0.0269492,1.18865,169.611,7.67399,0.0904847,0.03423,1.24968,44,1433,30.0
P11_COR_rep4,P11,detection,COR,4,0,0,0,0,0,172.414,6.97264,0.0936049,0.0142003,0.813041,170.706,8.60825,0.0948897,0.0158483,0.909295,46,1501,30.0
P11_COR_rep5,P11,detection,COR,5,0,0,0,0,0,172.335,9.79025,0.0941555,0.0171018,1.4254,168.956,10.2838,0.0972757,0.0194217,1.48466,45,1465,30.0
P11_COR_rep6,P11,detection,COR,6,0,0,0,0,0,170.837,3.01684,0.0978263,0.0127616,1.19092,169.856,5.36014,0.098744,0.0137339,1.44512,48,1567,30.0
P11_COR_rep7,P11,detection,COR,7,0,0,0,0,0,171.325,7.9848,0.101497,0.0159002,1.0652,169.399,9.57032,0.104434,0.0186986,1.35917,46,1500,30.0
P11_COR_rep8,P11,detection,COR,8,0,0,0,0,0,171.72,6.69861,0.091586,0.00931894,0.383667,169.484,8.06289,0.0930543,0.0105084,0.485338,48,1566,30.0
P11_COR_rep9,P11,detection,COR,9,0,0,0,0,0,170.564,4.06942,0.0873646,0.00753009,1.50914,168.637,5.34634,0.0899341,0.00973322,1.61568,46,1500,30.0
P11_COR_rep10,P11,detection,COR,10,0,0,0,0,0,171.598,5.95726,0.0908518,0.0163495,1.17262,170.432,7.57278,0.0936049,0.0179727,1.24101,43,1400,30.0
P11_ELB_rep1,P11,detection,ELB,1,1,0,0,0,0,149.221,4.11731,0.102441,0.0324309,1.61215,148.61,13.2389,0.109678,0.0361745,1.66391,31,1001,30.0
P11_ELB_rep2,P11,detection,ELB,2,0,0,0,0,0,165.179,7.04338,0.0751603,0.0166865,1.36288,164.702,7.4223,0.079243,0.0287208,1.45861,45,1466,30.0
P11_ELB_rep3,P11,detection,ELB,3,0,0,0,0,0,162.443,8.37566,0.07349,0.0163956,1.50884,161.424,12.4902,0.0770161,0.0214414,1.70732,48,1566,30.0
P11_ELB_rep4,P11,detection,ELB,4,0,0,0,0,0,163.833,9.65774,0.0788719,0.0167629,1.5149,163.586,11.4431,0.08147,0.0193955,1.6643,46,1501,30.0
P11_ELB_rep5,P11,detection,ELB,5,0,0,0,0,0,163.339,8.05789,0.0866663,0.0215821,1.16863,161.079,9.12063,0.0911202,0.023671,1.26861,47,1534,30.0
P11_HED_rep1,P11,detection,HED,1,0,0,0,0,1,170.928,6.40129,0.091774,0.0199867,21.7572,167.657,7.18238,0.0951046,0.0205601,22.1144,39,1599,30.0
P11_HED_rep2,P11,detection,HED,2,0,0,0,0,1,168.184,3.11223,0.0643899,0.0080893,22.7303,166.905,4.42459,0.0666102,0.0132645,22.8516,47,1667,30.0
P11_HED_rep3,P11,detection,HED,3,0,0,0,0,1,170.248,2.82543,0.0638348,0.0185951,24.9813,168.136,3.92844,0.0693856,0.0223886,25.6163,46,1533,30.0
P11_HED_rep4,P11,detection,HED,4,0,0,0,0,1,169.9,4.18004,0.0756766,0.0243583,29.1298,167.859,4.95317,0.0806723,0.0313397,30.1669,48,1633,30.0
P11_HED_rep5,P11,detection,HED,5,0,0,0,0,1,170.266,7.56381,0.0673503,0.0208935,29.6551,168.147,11.5608,0.071606,0.0291928,30.2198,50,1634,30.0
P11_SHR_rep1,P11,detection,SHR,1,0,0,0,0,0,169.444,5.89946,0.167702,0.0158079,2.16034,166.659,7.43801,0.173118,0.0220776,2.74594,39,1266,30.0
P11_SHR_rep2,P11,detection,SHR,2,0,0,0,0,0,169.443,8.46244,0.156149,0.0258031,2.82584,168.043,12.2063,0.162287,0.0308749,3.24738,37,1200,30.0
P11_SHR_rep3,P11,detection,SHR,3,0,0,0,0,0,171.225,7.50685,0.142791,0.0185732,1.71368,170.761,9.29848,0.145137,0.0261003,2.0332,39,1266,30.0
P11_SHR_rep4,P11,detection,SHR,4,0,0,0,0,0,171.491,6.12461,0.138097,0.0262027,2.11522,169.853,7.19085,0.139,0.0326578,2.67972,42,1367,30.0
P11_SHR_rep5,P11,detection,SHR,5,0,0,0,0,0,169.445,12.9256,0.138639,0.0198541,2.01323,168.55,16.732,0.139,0.0280989,2.51323,44,1433,30.0
P11_TRK_rep1,P11,detection,TRK,1,0,1,0,1,0,171.335,20.4314,0.00320021,0.226926,2.40474,170.097,59.488,0.0137421,0.243003,27.8436,53,1934,30.0
P11_TRK_rep2,P11,detection,TRK,2,0,1,0,1,0,170.872,19.033,0.000752991,0.259962,2.71449,168.855,63.0978,0.00715341,0.264192,42.6305,56,1900,30.0
P11_TRK_rep3,P11,detection,TRK,3,0,1,0,1,1,171.988,29.4589,0.00508269,0.269833,6.85104,170.193,73.182,0.0129891,0.274568,48.9109,60,2000,30.0
P11_TRK_rep4,P11,detection,TRK,4,0,0,0,1,0,171.562,,0,0.3259,,169.845,93.3046,0.00978888,0.336887,50.3355,55,1800,30.0
P11_TRK_rep5,P11,detection,TRK,5,0,1,0,1,0,171.444,20.0695,0,0.328584,0.91057,168.558,92.5366,2.08997e-16,0.339179,53.1805,56,1833,30.0
P12_ASY_rep1,P12,detection,ASY,1,0,1,1,0,0,164.786,57.8513,0.179117,0.0314331,2.78943,162.154,65.276,0.183088,0.0363909,3.23609,48,1567,30.0
P12_ASY_rep2,P12,detection,ASY,2,0,1,1,0,0,165.618,42.4283,0.182647,0.0390325,1.77166,162.064,57.0172,0.184191,0.049556,2.9719,44,1434,30.0
P12_ASY_rep3,P12,detection,ASY,3,0,1,1,0,0,164.63,18.6719,0.183308,0.0355634,1.0269,160.81,39.8677,0.1875,0.0502584,1.85573,41,1334,30.0
P12_ASY_rep4,P12,detection,ASY,4,0,1,1,0,0,164.72,33.3099,0.193897,0.0188464,0.481731,162.444,47.2317,0.203161,0.025006,0.730865,42,1367,30.0
P12_ASY_rep5,P12,detection,ASY,5,0,1,1,0,0,164.308,39.8216,0.209779,0.0200032,2.99993,160.686,60.2916,0.216617,0.0292297,3.52983,45,1466,30.0
P12_COR_rep1,P12,detection,COR,1,0,0,0,0,0,164.103,6.32533,0.157739,0.00721299,1.11407,162.931,8.46107,0.161856,0.00872901,1.38972,40,1301,30.0
P12_COR_rep2,P12,detection,COR,2,0,0,0,0,0,164.366,7.87516,0.147772,0.0124848,1.04741,157.45,9.98984,0.151022,0.0135744,1.17027,41,1333,30.0
P12_COR_rep3,P12,detection,COR,3,0,0,0,0,0,166.977,5.92989,0.154489,0.0154148,0.859128,162.549,8.29241,0.158606,0.0186105,1.17038,43,1400,30.0
P12_COR_rep4,P12,detection,COR,4,0,0,0,0,0,165.787,4.70081,0.127188,0.0112446,1.04412,163.164,10.7237,0.132171,0.0133847,1.17025,36,1167,30.0
P12_COR_rep5,P12,detection,COR,5,0,0,0,0,0,166.179,6.4765,0.153405,0.0192419,0.920481,160.017,8.53784,0.157089,0.0207788,1.17035,41,1333,30.0
P12_COR_rep6,P12,detection,COR,6,0,0,0,0,0,167.772,4.2926,0.152105,0.0137104,0.645103,165.21,7.80039,0.154922,0.0163193,1.17036,44,1433,30.0
P12_COR_rep7,P12,detection,COR,7,0,0,0,0,0,166.727,4.47505,0.163589,0.0199392,0.861646,162.913,10.9087,0.168139,0.021242,0.925557,42,1367,30.0
P12_COR_rep8,P12,detection,COR,8,0,0,0,0,0,167.87,5.021,0.155139,0.0112759,1.11521,163.353,8.4077,0.160122,0.0119174,1.17046,39,1267,30.0
P12_COR_rep9,P12,detection,COR,9,0,0,0,0,0,168.527,7.91648,0.163156,0.0294277,1.19041,164.579,11.7868,0.167273,0.0315655,1.32394,41,1333,30.0
P12_COR_rep10,P12,detection,COR,10,0,0,0,0,0,167.153,5.81214,0.162506,0.022376,0.792135,162.942,6.32609,0.167923,0.0250264,0.9877,41,1333,30.0
P12_ELB_rep1,P12,detection,ELB,1,1,0,1,0,0,151.891,9.26194,0.189594,0.00832134,0.793508,150.487,12.8607,0.197144,0.0112228,0.849967,39,1266,30.0
P12_ELB_rep2,P12,detection,ELB,2,0,0,1,0,0,156.332,9.8007,0.194208,0.0141129,0.402702,154.869,10.8982,0.197773,0.0205624,0.849907,41,1333,30.0
P12_ELB_rep3,P12,detection,ELB,3,1,0,1,0,0,137.009,2.67376,0.200919,0.00991711,0.567826,131.816,11.4133,0.203855,0.0122584,0.726971,40,1300,30.0
P12_ELB_rep4,P12,detection,ELB,4,1,0,1,0,0,140.146,4.0655,0.203436,0.0204038,0.792192,138.295,6.45315,0.20742,0.0254757,0.850001,40,1301,30.0
P12_ELB_rep5,P12,detection,ELB,5,0,0,1,0,0,160.535,7.81569,0.189384,0.00859993,0.961333,156.869,8.93452,0.194208,0.0121466,1.5472,37,1200,30.0
P12_HED_rep1,P12,detection,HED,1,0,0,0,0,1,163.371,7.39301,0.122633,0.0214473,32.4826,160.701,7.7649,0.128483,0.0236694,34.3356,37,1200,30.0
P12_HED_rep2,P12,detection,HED,2,0,0,0,0,1,164.63,4.87781,0.104,0.015934,43.6228,163.46,7.91713,0.1066,0.0195017,44.4379,36,1167,30.0
P12_HED_rep3,P12,detection,HED,3,0,0,0,0,1,164.855,5.97843,0.147983,0.0244706,40.4764,160.667,9.48585,0.151666,0.0320438,41.5407,41,1334,30.0
P12_HED_rep4,P12,detection,HED,4,0,0,0,0,1,166.369,3.38645,0.148633,0.0422251,40.4887,164.4,4.75937,0.152966,0.0481411,42.4788,38,1234,30.0
P12_HED_rep5,P12,detection,HED,5,0,0,0,0,1,165.751,4.22605,0.142566,0.0312081,40.4826,163.864,5.23795,0.147766,0.0418302,41.228,40,1300,30.0
P12_SHR_rep1,P12,detection,SHR,1,0,0,1,0,0,164.788,9.0471,0.288107,0.0113899,0.398251,163.085,11.5877,0.290036,0.0168452,0.521116,45,1466,30.0
P12_SHR_rep2,P12,detection,SHR,2,0,0,1,0,0,162.79,6.1564,0.284892,0.00662243,1.6056,160.846,6.82948,0.287035,0.0195438,2.10012,46,1500,30.0
P12_SHR_rep3,P12,detection,SHR,3,0,0,1,0,0,164.47,7.10368,0.285963,0.00770735,1.6946,163.491,9.705,0.287678,0.00999635,2.18035,47,1533,30.0
P12_SHR_rep4,P12,detection,SHR,4,0,0,1,0,0,165.027,10.1891,0.283605,0.0206977,0.549266,163.251,11.75,0.286821,0.0219567,1.00202,47,1533,30.0
P12_SHR_rep5,P12,detection,SHR,5,0,0,1,0,0,164.655,7.60747,0.276103,0.0207446,0.868991,163.393,9.1539,0.280176,0.0231822,1.18445,51,1667,30.0
P12_TRK_rep1,P12,detection,TRK,1,0,0,0,1,0,155.251,,0.107684,0.198181,,151.615,100.677,0.111287,0.208443,32.2325,35,1333,30.0
P12_TRK_rep2,P12,detection,TRK,2,0,1,0,1,0,155.342,49.172,0.0828644,0.204926,3.69233,153.628,97.8244,0.0880685,0.208538,30.7753,41,1566,30.0
P12_TRK_rep3,P12,detection,TRK,3,1,1,0,1,0,153.272,36.241,0.0798621,0.189618,2.60285,152.649,94.4651,0.0856666,0.197564,33.9966,48,1567,30.0
P12_TRK_rep4,P12,detection,TRK,4,0,1,0,1,0,157.839,56.1221,0.0958745,0.135872,5.71024,156.065,107.421,0.096475,0.143151,33.9743,45,1500,30.0
P12_TRK_rep5,P12,detection,TRK,5,0,1,0,1,0,154.235,50.0559,0.0816635,0.168931,3.92711,153.374,110.881,0.0850661,0.176393,28.4301,45,1467,30.0
P13_ASY_rep1,P13,detection,ASY,1,0,1,0,0,0,166.01,46.7123,0.0921187,0.0310307,3.109,164.728,51.6323,0.097469,0.0374037,4.21129,47,1534,30.0
P13_ASY_rep2,P13,detection,ASY,2,0,1,0,0,0,165.494,46.0954,0.0767656,0.0488907,3.72651,164.359,55.0947,0.0781613,0.052031,4.09231,63,2066,30.0
P13_ASY_rep3,P13,detection,ASY,3,0,1,0,0,0,167.143,54.1061,0.107472,0.0226705,3.70452,163.544,61.4864,0.110263,0.0278989,4.21167,55,1800,30.0
P13_ASY_rep4,P13,detection,ASY,4,0,1,0,0,0,166.417,48.2837,0.107937,0.0399592,3.77606,162.995,54.0812,0.112124,0.0475856,4.15521,56,1835,30.0
P13_ASY_rep5,P13,detection,ASY,5,0,1,0,0,0,168.021,58.8054,0.111659,0.0368922,3.96977,165.594,67.7675,0.115846,0.0467284,4.15708,56,1834,30.0
P13_COR_rep1,P13,detection,COR,1,0,0,0,0,0,166.679,8.12728,0.0797334,0.0421271,1.06383,164.801,9.03625,0.0940675,0.0437088,1.19948,37,1200,30.0
P13_COR_rep2,P13,detection,COR,2,0,0,0,0,0,166.828,9.64896,0.090484,0.0393393,0.581505,165.338,10.847,0.103026,0.0420884,1.21097,39,1266,30.0
P13_COR_rep3,P13,detection,COR,3,0,0,0,0,0,166.532,8.37111,0.097651,0.0312342,1.68291,164.873,9.59916,0.102578,0.035317,1.93129,40,1300,30.0
P13_COR_rep4,P13,detection,COR,4,0,0,0,0,0,162.266,8.61688,0.0837649,0.0226382,0.986183,158.437,9.65697,0.0965312,0.0263771,1.73568,36,1167,30.0
P13_COR_rep5,P13,detection,COR,5,0,0,0,0,0,160.017,8.99695,0.0844368,0.0296211,0.856752,156.941,9.54598,0.0924997,0.0352488,1.43873,35,1133,30.0
P13_COR_rep6,P13,detection,COR,6,0,0,0,0,0,160.984,8.26727,0.109969,0.0240926,0.6725,157.305,9.45065,0.121616,0.026972,0.790566,35,1132,30.0
P13_COR_rep7,P13,detection,COR,7,0,0,0,0,0,162.639,4.98317,0.120272,0.0308247,2.03926,159.002,5.50699,0.13259,0.0350523,2.25679,32,1033,30.0
P13_COR_rep8,P13,detection,COR,8,0,0,0,0,0,167.329,9.81589,0.118928,0.0371739,1.58966,165.43,10.605,0.13259,0.0415165,2.02378,35,1133,30.0
P13_COR_rep9,P13,detection,COR,9,0,0,0,0,0,165.28,12.8292,0.130127,0.0405336,2.209,161.823,14.0427,0.139981,0.0448868,2.5199,34,1101,30.0
P13_COR_rep10,P13,detection,COR,10,0,0,0,0,0,165.77,11.2369,0.111761,0.0392376,1.85468,158.953,11.8328,0.128783,0.0453728,2.44694,33,1067,30.0
P13_ELB_rep1,P13,detection,ELB,1,1,0,0,0,0,142.529,8.345,0.104695,0.0298206,3.44675,142.234,30.7376,0.107125,0.0313959,3.49753,62,2033,30.0
P13_ELB_rep2,P13,detection,ELB,2,1,0,0,0,0,134.566,2.51365,0.0779694,0.0203939,2.68096,133.801,37.7149,0.080399,0.02203,3.44194,59,1933,30.0
P13_ELB_rep3,P13,detection,ELB,3,1,0,0,0,0,124.39,,0.0910011,0.0178494,3.3045,122.9,13.0513,0.0945351,0.0218567,3.55635,66,2166,30.0
P13_ELB_rep4,P13,detection,ELB,4,1,0,0,0,0,121.676,,0.105358,0.024525,3.33004,120.677,20.8107,0.109996,0.0313077,3.49752,59,1933,30.0
P13_ELB_rep5,P13,detection,ELB,5,1,0,0,0,0,118.672,,0.0943143,0.0128768,3.065,117.635,18.7211,0.0980692,0.0158766,3.38494,62,2034,30.0
P13_HED_rep1,P13,detection,HED,1,0,1,0,1,1,166.885,14.7226,0.0384885,0.0991506,17.6127,166.198,17.8397,0.0425878,0.100181,24.6133,48,1565,30.0
P13_HED_rep2,P13,detection,HED,2,0,1,0,0,1,166.666,28.9858,0.0737885,0.0597733,24.8598,164.923,29.2884,0.076066,0.0626371,25.8945,52,1700,30.0
P13_HED_rep3,P13,detection,HED,3,0,1,0,0,1,169.429,21.7433,0.0523808,0.0899179,18.4237,166.81,22.2167,0.053975,0.0949648,31.5991,46,1500,30.0
P13_HED_rep4,P13,detection,HED,4,0,0,0,0,1,169.392,11.0489,0.0296065,0.0774025,29.0243,168.041,12.1612,0.0325672,0.083968,32.6536,48,1568,30.0
P13_HED_rep5,P13,detection,HED,5,0,0,0,1,1,168.859,12.0577,0.0191304,0.116267,12.5117,168.23,14.3987,0.0264181,0.120311,33.4619,50,1633,30.0
P13_SHR_rep1,P13,detection,SHR,1,0,0,0,0,0,164.616,11.4818,0.158138,0.0310408,2.8291,162.278,12.1293,0.17141,0.033977,2.88459,35,1335,30.0
P13_SHR_rep2,P13,detection,SHR,2,0,0,0,0,0,165.379,3.84453,0.15139,0.0255866,1.8781,162.692,5.5295,0.157238,0.0269797,2.44003,36,1333,30.0
P13_SHR_rep3,P13,detection,SHR,3,0,0,0,0,0,166.489,8.87415,0.139467,0.017953,2.15911,163.77,9.60605,0.146216,0.0220437,2.6244,41,1367,30.0
P13_SHR_rep4,P13,detection,SHR,4,0,0,1,0,0,164.69,7.79933,0.180858,0.0294216,1.54779,161.594,8.02322,0.189406,0.034219,1.72365,41,1333,30.0
P13_SHR_rep5,P13,detection,SHR,5,0,0,0,0,0,166.895,10.9384,0.145316,0.042559,2.6948,164.435,11.0791,0.150265,0.0466815,2.88437,54,1767,30.0
P13_TRK_rep1,P13,detection,TRK,1,0,0,0,1,0,160.443,,0,0.343813,,159.143,79.8087,0,0.347313,28.8642,46,1833,30.0
P13_TRK_rep2,P13,detection,TRK,2,0,0,0,1,0,158.243,,0,0.315073,,157.195,64.6525,0,0.324431,29.5314,46,1734,30.0
P13_TRK_rep3,P13,detection,TRK,3,0,0,0,1,0,158.727,,0,0.338915,,158.431,67.5184,0,0.343938,27.1334,48,1600,30.0
P13_TRK_rep4,P13,detection,TRK,4,0,0,0,1,0,155.673,,0,0.322961,,155.14,72.0064,0,0.33478,28.4292,52,1700,30.0
P13_TRK_rep5,P13,detection,TRK,5,0,0,0,1,0,153.768,,0,0.336527,,152.829,69.8681,0,0.351269,26.1855,49,1600,30.0
P14_ASY_rep1,P14,detection,ASY,1,0,1,0,0,0,160.396,23.9638,0.0507973,0.0138096,2.26005,158.238,43.8655,0.0682409,0.0360652,2.64264,33,1233,30.0
P14_ASY_rep2,P14,detection,ASY,2,0,1,0,0,0,161.153,24.174,0.0736082,0.0213265,1.90976,160.077,47.1004,0.0843427,0.0403767,2.26109,43,1400,30.0
P14_ASY_rep3,P14,detection,ASY,3,0,1,0,0,0,159.299,19.7449,0.0621069,0.0284272,3.06502,157.247,35.004,0.0699661,0.0441087,3.39267,45,1467,30.0
P14_ASY_rep4,P14,detection,ASY,4,0,1,0,0,0,158.32,40.2009,0.0521391,0.0374122,1.42164,154.77,55.02,0.0649822,0.0552785,1.59935,40,1333,30.0
P14_ASY_rep5,P14,detection,ASY,5,0,1,0,0,0,160.294,30.2231,0.0507973,0.0201377,1.33888,158.54,53.8964,0.0619152,0.038092,1.69172,40,1300,30.0
P14_COR_rep1,P14,detection,COR,1,0,0,0,0,0,158.757,4.31602,0.0747336,0.0188661,1.67999,156.072,5.98205,0.0914678,0.0254189,2.50833,34,1097,30.0
P14_COR_rep2,P14,detection,COR,2,0,0,0,0,0,158.034,4.73829,0.0831007,0.0186452,1.47129,156.321,5.67842,0.0969825,0.020414,2.18638,36,1167,30.0
P14_COR_rep3,P14,detection,COR,3,0,0,0,0,0,160.751,2.09641,0.0956514,0.0238315,2.11982,157.031,3.60063,0.10611,0.027723,2.27254,37,1200,30.0
P14_COR_rep4,P14,detection,COR,4,0,0,0,0,0,160.725,2.30765,0.0861433,0.0247992,1.26457,158.603,3.57085,0.0985038,0.0285163,1.94426,35,1133,30.0
P14_COR_rep5,P14,detection,COR,5,0,0,0,0,0,161.101,5.08216,0.0699795,0.0280227,1.20319,158.408,5.52844,0.0886154,0.0332645,1.69885,35,1134,30.0
P14_COR_rep6,P14,detection,COR,6,0,0,0,0,0,159.978,3.75554,0.064655,0.0156901,1.95037,156.826,4.18908,0.0836712,0.0208027,2.32845,33,1068,30.0
P14_COR_rep7,P14,detection,COR,7,0,0,0,0,0,161.181,3.17887,0.0671271,0.0195644,1.06428,160.17,5.67607,0.08234,0.0228043,1.6111,35,1133,30.0
P14_COR_rep8,P14,detection,COR,8,0,0,0,0,0,160.526,2.6465,0.0819597,0.00614505,1.26398,158.177,3.13434,0.0901367,0.0199916,1.4474,34,1100,30.0
P14_COR_rep9,P14,detection,COR,9,0,0,0,0,0,160.738,1.97105,0.0884252,0.014135,1.04313,157.955,3.55106,0.107061,0.017962,1.40705,34,1100,30.0
P14_COR_rep10,P14,detection,COR,10,0,0,0,0,0,161.452,4.9193,0.0876646,0.0133548,1.67718,158.958,5.85593,0.101166,0.0201104,2.33106,35,1133,30.0
P14_ELB_rep1,P14,detection,ELB,1,1,1,0,0,0,150.055,16.7261,0.0838452,0.0180818,1.62124,147.187,20.4916,0.0962381,0.0258754,1.96248,43,1401,30.0
P14_ELB_rep2,P14,detection,ELB,2,1,1,0,0,0,148.979,18.1951,0.0416322,0.0237146,1.55099,146.116,22.6949,0.0534441,0.037701,2.28537,39,1267,30.0
P14_ELB_rep3,P14,detection,ELB,3,1,1,0,0,0,143.331,23.6338,0.0396958,0.0186373,1.61905,141.089,27.8611,0.0456986,0.0241506,2.24084,40,1299,30.0
P14_ELB_rep4,P14,detection,ELB,4,1,0,0,0,0,139.349,,0.0354357,0.0130817,0.987468,137.732,18.4191,0.0460858,0.0281383,1.38179,39,1267,30.0
P14_ELB_rep5,P14,detection,ELB,5,1,1,0,0,0,143.868,19.0546,0.0522822,0.0182962,1.03296,140.396,23.8456,0.0569296,0.0258111,1.50486,41,1333,30.0
P14_HED_rep1,P14,detection,HED,1,0,0,0,1,1,157.62,4.34585,0.0457666,0.0961127,10.7185,152.87,7.95474,0.0478818,0.103491,31.6214,34,1101,30.0
P14_HED_rep2,P14,detection,HED,2,0,0,0,1,1,154.147,1.57882,0.0507663,0.100845,6.85117,149.226,6.44912,0.0584582,0.103371,25.3093,38,1233,30.0
P14_HED_rep3,P14,detection,HED,3,0,0,0,1,1,154.856,2.34034,0.0411515,0.101647,10.4957,153.879,8.87452,0.0451897,0.105917,24.1527,39,1267,30.0
P14_HED_rep4,P14,detection,HED,4,0,0,0,1,0,155.578,1.07788,0.0290368,0.129692,5.54143,153.879,8.38815,0.029806,0.13316,26.1657,37,1200,30.0
P14_HED_rep5,P14,detection,HED,5,0,0,0,1,1,154.995,1.69382,0.0317289,0.121199,9.07041,153.604,7.16118,0.0324981,0.12718,29.863,46,1500,30.0
P14_SHR_rep1,P14,detection,SHR,1,0,0,0,0,0,160.414,4.92282,0.118214,0.00645242,1.22203,154.179,6.3367,0.126604,0.0200691,1.66069,37,1201,30.0
P14_SHR_rep2,P14,detection,SHR,2,0,0,0,0,0,157.166,3.83276,0.134249,0.0101084,0.887246,154.197,6.64082,0.136673,0.0124181,1.60155,41,1333,30.0
P14_SHR_rep3,P14,detection,SHR,3,0,0,0,0,0,156.851,5.52136,0.139843,0.0123987,0.7939,153.638,8.20126,0.149352,0.0176219,1.39548,38,1232,30.0
P14_SHR_rep4,P14,detection,SHR,4,0,0,0,0,0,155.605,3.45785,0.144131,0.0254191,1.28801,152.224,5.6887,0.148979,0.0282418,1.58496,41,1333,30.0
P14_SHR_rep5,P14,detection,SHR,5,1,0,0,0,0,152.367,3.86336,0.127536,0.0169012,2.28714,150.204,7.55701,0.132757,0.018664,2.67035,42,1367,30.0
P14_TRK_rep1,P14,detection,TRK,1,0,0,0,1,0,160.514,,0,0.229577,,155.24,40.4657,0.0128808,0.235873,12.0672,37,1200,30.0
P14_TRK_rep2,P14,detection,TRK,2,0,0,0,1,0,157.391,,0,0.253023,,153.444,46.3012,0.0136498,0.26161,13.5089,43,1400,30.0
P14_TRK_rep3,P14,detection,TRK,3,0,0,0,1,0,160.149,,0,0.282777,,158.111,43.4892,0,0.290352,13.3926,41,1334,30.0
P14_TRK_rep4,P14,detection,TRK,4,0,0,0,1,0,162.043,,0,0.297704,,159.259,42.8487,0,0.30182,16.0191,39,1266,30.0
P14_TRK_rep5,P14,detection,TRK,5,0,0,0,1,0,159.691,,0,0.303412,,154.574,39.7996,0,0.307897,18.6188,47,1534,30.0
P15_ASY_rep1,P15,detection,ASY,1,0,1,1,0,0,156.981,20.5591,0.18424,0.00955369,1.40002,149.873,31.1161,0.19219,0.0236885,1.61275,31,1000,30.0
P15_ASY_rep2,P15,detection,ASY,2,0,1,1,0,0,162.767,20.0747,0.219022,0.0119548,0.306212,159.052,21.0642,0.222003,0.0144068,0.411738,52,1700,30.0
P15_ASY_rep3,P15,detection,ASY,3,0,1,1,0,0,160.997,37.9522,0.241679,0.020377,1.53172,159.183,41.3114,0.246648,0.0248457,1.69185,59,1933,30.0
P15_ASY_rep4,P15,detection,ASY,4,0,1,1,0,0,165.838,25.7219,0.229356,0.0240955,0.940959,162.472,29.9082,0.231145,0.0268189,1.25907,60,1965,30.0
P15_ASY_rep5,P15,detection,ASY,5,0,1,1,0,0,167.347,36.9764,0.238896,0.0163748,2.03672,165.889,43.3622,0.242673,0.0195397,2.3117,59,1933,30.0
P15_COR_rep1,P15,detection,COR,1,0,0,0,0,0,170.321,2.64733,0.164922,0.0116554,1.90554,168.796,2.76801,0.168706,0.0134674,2.03265,34,1367,30.0
P15_COR_rep2,P15,detection,COR,2,0,0,0,0,0,169.753,1.38032,0.148191,0.0171344,2.20354,166.687,2.95557,0.149983,0.0178538,2.27943,40,1500,30.0
P15_COR_rep3,P15,detection,COR,3,0,0,0,0,0,170.242,3.14689,0.149386,0.0152281,0.888714,168.429,3.97372,0.15317,0.0160789,1.00223,41,1500,30.0
P15_COR_rep4,P15,detection,COR,4,0,0,0,0,0,169.79,6.00389,0.163926,0.0266463,3.34299,169.043,8.16324,0.166515,0.0274176,3.46718,45,1467,30.0
P15_COR_rep5,P15,detection,COR,5,0,0,0,0,0,170.301,3.39851,0.16791,0.0145259,0.93785,168.477,3.8272,0.170499,0.0154281,1.00789,45,1500,30.0
P15_COR_rep6,P15,detection,COR,6,0,0,1,0,0,170.82,2.39417,0.18245,0.00986527,1.07333,169.584,2.93014,0.185437,0.0132366,1.27736,48,1566,30.0
P15_COR_rep7,P15,detection,COR,7,0,0,1,0,0,171.657,2.12968,0.176474,0.0136404,1.36025,169.755,2.99251,0.17986,0.0155188,1.42744,45,1466,30.0
P15_COR_rep8,P15,detection,COR,8,0,0,0,0,0,169.796,2.8428,0.159544,0.014694,0.541456,168.384,3.04947,0.161934,0.0164569,0.667493,47,1533,30.0
P15_COR_rep9,P15,detection,COR,9,0,0,1,0,0,171.089,4.26616,0.176474,0.00674836,0.641692,168.941,5.61125,0.179064,0.0083996,0.840525,46,1500,30.0
P15_COR_rep10,P15,detection,COR,10,0,0,0,0,0,169.951,1.41389,0.163328,0.0162877,0.658754,168.392,1.69508,0.164922,0.0167193,0.869354,49,1599,30.0
P15_ELB_rep1,P15,detection,ELB,1,1,1,1,0,0,147.94,16.8859,0.224101,0.0258295,0.89899,147.292,28.4352,0.225075,0.0267212,1.28919,43,1400,30.0
P15_ELB_rep2,P15,detection,ELB,2,1,0,1,0,0,128.521,1.62723,0.213977,0.0141931,0.839949,128.069,15.7386,0.216313,0.0147168,1.26896,48,1567,30.0
P15_ELB_rep3,P15,detection,ELB,3,1,0,1,0,0,119.521,,0.2021,0.0104935,0.762825,118.984,11.4976,0.203657,0.013709,0.956831,48,1567,30.0
P15_ELB_rep4,P15,detection,ELB,4,1,0,1,0,0,126.436,,0.208914,0.0150367,0.816922,125.669,20.2452,0.209304,0.0158871,0.905241,60,1967,30.0
P15_ELB_rep5,P15,detection,ELB,5,1,0,1,0,0,117.035,,0.190418,0.00525533,1.16247,116.209,6.07471,0.190807,0.00580749,1.47907,48,1567,30.0
P15_HED_rep1,P15,detection,HED,1,0,0,0,0,1,170.012,5.83848,0.171819,0.0127124,22.6754,168.795,7.05472,0.173613,0.0151688,22.8626,50,1766,30.0
P15_HED_rep2,P15,detection,HED,2,0,0,1,0,1,169.468,4.65147,0.177799,0.00767167,16.6238,167.529,6.22192,0.179194,0.0104326,16.7331,51,1667,30.0
P15_HED_rep3,P15,detection,HED,3,0,0,0,0,1,169.674,2.94701,0.171221,0.0125234,22.9294,167.675,3.79249,0.172816,0.0172048,23.1669,54,1767,30.0
P15_HED_rep4,P15,detection,HED,4,0,0,1,0,1,169.323,2.71988,0.196337,0.0110971,20.5113,168.03,3.23279,0.197333,0.0122047,20.7623,55,1800,30.0
P15_HED_rep5,P15,detection,HED,5,0,1,0,0,1,169.287,14.2478,0.150691,0.0166858,24.6837,167.824,14.8584,0.152086,0.0175972,24.7414,55,1800,30.0
P15_SHR_rep1,P15,detection,SHR,1,0,0,1,0,0,173.615,5.30571,0.247439,0.00759,1.68357,172.075,6.03385,0.252745,0.00916657,2.0464,34,1163,30.0
P15_SHR_rep2,P15,detection,SHR,2,0,0,1,0,0,170.093,5.04146,0.239381,0.00548819,2.06261,169.371,6.47722,0.242132,0.00789794,2.30035,42,1366,30.0
P15_SHR_rep3,P15,detection,SHR,3,0,0,1,0,0,172.555,3.85688,0.238005,0.00291063,2.6688,171.385,4.2986,0.239577,0.00513867,2.95251,44,1433,30.0
P15_SHR_rep4,P15,detection,SHR,4,0,0,1,0,0,170.802,3.36854,0.252352,0.00917222,1.81165,169.697,4.31255,0.252942,0.00961396,1.93484,45,1467,30.0
P15_SHR_rep5,P15,detection,SHR,5,0,0,1,0,0,171.772,6.4583,0.242918,0.00693973,1.56336,170.694,7.09392,0.24508,0.0102986,1.64228,43,1400,30.0
P15_TRK_rep1,P15,detection,TRK,1,0,0,0,1,0,167.001,,0.0946028,0.174455,,166.709,9.98085,0.0963877,0.17608,5.97619,47,1534,30.0
P15_TRK_rep2,P15,detection,TRK,2,0,0,0,1,0,167.339,,0.113444,0.179062,,166.114,3.67709,0.115031,0.180398,6.18797,48,1567,30.0
P15_TRK_rep3,P15,detection,TRK,3,0,0,0,1,0,168.515,,0.109874,0.152644,,167.918,5.22647,0.111461,0.154168,6.71614,48,1567,30.0
P15_TRK_rep4,P15,detection,TRK,4,0,0,0,1,0,168.616,,0.126732,0.18001,,167.733,5.69167,0.127724,0.18215,5.57078,50,1634,30.0
P15_TRK_rep5,P15,detection,TRK,5,0,0,0,1,0,169.569,,0.130302,0.159123,,169.213,9.02099,0.132087,0.160936,4.61426,51,1667,30.0
P16_ASY_rep1,P16,detection,ASY,1,0,1,1,0,0,153.777,35.9285,0.18296,0.0313894,5.06679,151.283,37.1112,0.184743,0.0321821,5.46219,89,2932,30.0
P16_ASY_rep2,P16,detection,ASY,2,0,1,1,0,0,162.053,46.9776,0.198782,0.0313593,5.64494,159.888,47.586,0.199451,0.0329006,5.8595,118,3900,30.0
P16_ASY_rep3,P16,detection,ASY,3,0,1,1,0,0,161.859,51.5946,0.222404,0.0239979,5.89816,160.633,53.2091,0.225078,0.025578,6.41707,93,3067,30.0
P16_ASY_rep4,P16,detection,ASY,4,0,1,1,0,1,157.924,63.5036,0.226638,0.0318591,7.83677,156.888,66.3769,0.227753,0.033679,8.20409,95,3134,30.0
P16_ASY_rep5,P16,detection,ASY,5,0,1,1,0,1,155.585,62.6924,0.232878,0.0211065,6.58425,152.199,67.5145,0.235329,0.0244216,6.85346,91,3000,30.0
P16_COR_rep1,P16,detection,COR,1,0,0,1,0,0,162.644,6.42017,0.184274,0.00593457,1.02026,161.332,9.05203,0.188162,0.00839252,1.15275,66,2166,30.0
P16_COR_rep2,P16,detection,COR,2,0,0,0,0,0,165.64,7.58681,0.169584,0.0193756,2.85413,165.171,8.3174,0.17304,0.0234749,3.05927,74,2434,30.0
P16_COR_rep3,P16,detection,COR,3,0,0,0,0,0,166.892,7.15681,0.144308,0.00754278,1.70038,165.72,8.5476,0.146037,0.0234354,1.94662,68,2234,30.0
P16_COR_rep4,P16,detection,COR,4,0,0,0,0,0,166.822,4.64169,0.151437,0.0153618,1.66948,165.551,5.27442,0.156838,0.0166773,1.85438,70,2300,30.0
P16_COR_rep5,P16,detection,COR,5,0,0,0,0,0,166.826,6.23401,0.165695,0.0176001,3.77125,165.554,7.14055,0.170016,0.0184165,4.1504,76,2500,30.0
P16_COR_rep6,P16,detection,COR,6,0,0,1,0,0,167.079,8.02344,0.175633,0.0130618,3.34682,165.998,8.5865,0.178225,0.0152785,3.47656,88,2900,30.0
P16_COR_rep7,P16,detection,COR,7,0,0,1,0,0,166.916,7.51754,0.182762,0.0115402,1.20731,165.995,8.12383,0.18557,0.0120915,1.77583,88,2900,30.0
P16_COR_rep8,P16,detection,COR,8,0,0,1,0,0,166.865,6.05363,0.183194,0.00773813,1.95911,166.187,6.62456,0.186866,0.0135428,2.26068,90,2966,30.0
P16_COR_rep9,P16,detection,COR,9,0,0,0,0,0,166.801,5.13416,0.17304,0.00737355,3.23974,165.925,6.1506,0.176929,0.0126685,3.7071,86,2834,30.0
P16_COR_rep10,P16,detection,COR,10,0,0,1,0,0,166.835,10.0391,0.188811,0.0094652,3.49174,166.495,10.4528,0.192483,0.0126806,3.89898,82,2700,30.0
P16_ELB_rep1,P16,detection,ELB,1,1,0,1,0,0,125.203,,0.184409,0.0262384,2.95574,123.603,11.0942,0.186314,0.0266015,3.01852,99,3300,30.0
P16_ELB_rep2,P16,detection,ELB,2,1,0,1,0,0,121.737,1.55886,0.178269,0.0341152,4.81824,119.905,8.2429,0.184409,0.0356833,4.86802,98,3233,30.0
P16_ELB_rep3,P16,detection,ELB,3,1,0,1,0,0,117.436,2.91864,0.182292,0.0257593,0.56459,115.923,13.8996,0.185679,0.0274472,0.90331,97,3200,30.0
P16_ELB_rep4,P16,detection,ELB,4,1,0,0,0,0,137.701,8.91103,0.166413,0.0464547,1.18132,135.076,15.2985,0.170223,0.0471627,1.26493,88,2900,30.0
P16_ELB_rep5,P16,detection,ELB,5,1,0,0,0,0,122.838,10.6036,0.170859,0.031635,1.1552,121.779,17.7864,0.173399,0.0347042,1.33758,91,3000,30.0
P16_HED_rep1,P16,detection,HED,1,0,0,1,0,1,162.528,8.13947,0.224413,0.0281043,32.272,160.644,9.50888,0.227958,0.0327133,32.5541,82,3300,30.0
P16_HED_rep2,P16,detection,HED,2,0,0,1,0,1,167.628,9.25775,0.238149,0.020962,26.1746,166.017,9.76468,0.241915,0.0239438,26.796,99,3267,30.0
P16_HED_rep3,P16,detection,HED,3,0,0,1,0,1,166.335,4.89087,0.208906,0.052182,35.0008,165.897,6.08074,0.210678,0.0544535,35.6006,105,3467,30.0
P16_HED_rep4,P16,detection,HED,4,0,0,1,0,1,165.468,8.21962,0.227958,0.0257667,28.0207,164.581,9.14093,0.229066,0.0274492,28.3674,102,3367,30.0
P16_HED_rep5,P16,detection,HED,5,0,0,1,0,1,167.26,8.96409,0.210014,0.0412337,35.48,164.927,9.23893,0.213115,0.0429863,35.8681,97,3200,30.0
P16_SHR_rep1,P16,detection,SHR,1,0,0,1,0,0,173.149,7.59636,0.239782,0.0175777,1.6797,169.154,10.8615,0.240427,0.0245727,2.06893,72,2400,30.0
P16_SHR_rep2,P16,detection,SHR,2,0,0,1,0,0,168.305,3.66199,0.243435,0.0121529,1.98069,167.593,5.0329,0.247087,0.0200169,2.13901,75,2466,30.0
P16_SHR_rep3,P16,detection,SHR,3,0,0,1,0,0,168.664,6.92372,0.295001,0.0169837,2.37882,167.988,7.66182,0.301447,0.018033,2.92305,71,2333,30.0
P16_SHR_rep4,P16,detection,SHR,4,0,0,1,0,0,167.95,8.26771,0.301876,0.0106369,2.09759,166.86,9.10244,0.305744,0.0117461,2.33384,76,2499,30.0
P16_SHR_rep5,P16,detection,SHR,5,0,0,1,0,0,166.15,4.30639,0.231403,0.0079037,1.6564,165.052,5.61735,0.232692,0.0101572,1.83145,65,2133,30.0
P16_TRK_rep1,P16,detection,TRK,1,0,0,0,1,0,162.586,,0.0763108,0.248986,,161.8,19.5582,0.0806343,0.250751,4.98792,91,3034,30.0
P16_TRK_rep2,P16,detection,TRK,2,0,0,0,1,0,160.346,,0.0473429,0.271487,,157.749,28.3709,0.0514503,0.273998,8.66465,75,2467,30.0
P16_TRK_rep3,P16,detection,TRK,3,0,0,0,1,0,166.616,,0.0399929,0.224876,,165.573,36.4869,0.04129,0.226888,3.91908,76,2499,30.0
P16_TRK_rep4,P16,detection,TRK,4,0,0,0,1,0,164.004,6.14315,0.0246443,0.186109,2.97318,161.557,17.2312,0.0278869,0.1895,5.80937,81,2667,30.0
P16_TRK_rep5,P16,detection,TRK,5,0,0,0,1,0,166.1,,0,0.16546,,164.504,16.5258,0,0.165882,18.7803,74,2433,30.0
P17_ASY_rep1,P17,detection,ASY,1,0,1,0,0,0,157.341,37.9325,0.161669,0.0764146,2.13226,154.771,40.2442,0.161855,0.0793665,2.35179,84,2800,30.0
P17_ASY_rep2,P17,detection,ASY,2,1,1,0,0,0,151.154,32.9371,0.166325,0.0742056,1.16534,147.658,37.2324,0.167442,0.0780381,1.43899,86,2834,30.0
P17_ASY_rep3,P17,detection,ASY,3,0,1,0,0,0,156.536,30.6347,0.164276,0.0748221,1.69887,152.54,33.6884,0.165766,0.0793931,2.35171,77,2533,30.0
P17_ASY_rep4,P17,detection,ASY,4,0,1,0,0,0,159.488,65.2099,0.169864,0.0775668,1.73116,156.422,67.9701,0.171168,0.0824997,2.35169,86,2834,30.0
P17_ASY_rep5,P17,detection,ASY,5,1,1,0,0,0,144.697,20.5155,0.158502,0.0734292,2.07695,138.62,26.2733,0.158875,0.0798915,2.18906,76,2500,30.0
P17_COR_rep1,P17,detection,COR,1,1,0,0,0,0,149.971,3.08906,0.169497,0.0574888,0.910146,146.738,9.90176,0.170058,0.0637364,0.967865,51,1967,30.0
P17_COR_rep2,P17,detection,COR,2,0,0,0,0,0,153.57,7.63445,0.168002,0.0632454,1.43988,149.389,8.48206,0.168749,0.0679844,1.57308,66,2333,30.0
P17_COR_rep3,P17,detection,COR,3,0,0,0,0,0,158.527,6.28493,0.165012,0.0834599,1.96077,154.315,12.8535,0.167441,0.0898278,2.21868,62,2034,30.0
P17_COR_rep4,P17,detection,COR,4,1,0,0,0,0,153.303,4.21554,0.172487,0.0633899,1.06721,151.584,5.01696,0.174916,0.0690383,1.13183,61,1999,30.0
P17_COR_rep5,P17,detection,COR,5,0,0,0,0,0,156.209,6.88855,0.162209,0.0659663,0.832203,152.967,10.7006,0.16333,0.0700478,1.04816,63,2067,30.0
P17_COR_rep6,P17,detection,COR,6,0,0,0,0,0,159.375,7.3035,0.153799,0.0664681,1.36465,157.83,7.58482,0.155294,0.0710114,1.59459,61,2000,30.0
P17_COR_rep7,P17,detection,COR,7,0,0,0,0,0,160.329,4.09945,0.167254,0.0638253,0.710996,158.602,5.29993,0.16931,0.068337,0.883639,62,2033,30.0
P17_COR_rep8,P17,detection,COR,8,0,0,0,0,0,163.606,7.37056,0.166133,0.0769531,0.62441,161.187,8.10223,0.168936,0.0805987,0.883759,59,1933,30.0
P17_COR_rep9,P17,detection,COR,9,0,0,0,0,0,155.132,3.6323,0.159592,0.0766408,0.831434,153.361,3.87795,0.161835,0.0816859,2.50897,62,2034,30.0
P17_COR_rep10,P17,detection,COR,10,0,0,0,0,0,157.804,6.88281,0.157537,0.0857525,1.85278,154.575,9.05396,0.16034,0.0914136,2.07948,56,1834,30.0
P17_ELB_rep1,P17,detection,ELB,1,1,0,0,0,0,128.996,,0.157064,0.084512,1.86862,127.893,19.4259,0.158757,0.0881416,3.20729,64,2100,30.0
P17_ELB_rep2,P17,detection,ELB,2,1,0,0,0,0,126.068,,0.145213,0.0881558,0.115364,124.598,13.0727,0.145966,0.0904172,1.429,72,2367,30.0
P17_ELB_rep3,P17,detection,ELB,3,1,0,0,0,0,129.819,9.87352,0.141451,0.0788538,0.24319,128.971,18.8957,0.14258,0.0795925,2.68266,66,2166,30.0
P17_ELB_rep4,P17,detection,ELB,4,1,0,0,0,0,126.811,,0.162142,0.0818084,0.366827,126.151,13.3132,0.163835,0.0847818,1.37036,64,2100,30.0
P17_ELB_rep5,P17,detection,ELB,5,1,0,0,0,0,129.737,,0.167409,0.080706,0.703524,128.235,11.7878,0.170983,0.0823654,0.86774,61,2000,30.0
P17_HED_rep1,P17,detection,HED,1,0,1,1,0,1,156.854,14.2831,0.19911,0.0455585,28.7517,155.269,15.0742,0.201205,0.0464164,29.6204,51,2000,30.0
P17_HED_rep2,P17,detection,HED,2,0,0,1,0,1,157.765,12.2823,0.176626,0.0609373,22.093,155.729,12.7439,0.179103,0.0617632,22.8345,51,1966,30.0
P17_HED_rep3,P17,detection,HED,3,0,1,0,0,1,160.168,14.1673,0.171672,0.0891593,18.5372,159.585,15.3078,0.175674,0.0902283,29.4214,54,1867,30.0
P17_HED_rep4,P17,detection,HED,4,0,0,1,0,1,161.799,12.0455,0.176817,0.0559788,20.9382,161.225,13.7313,0.180247,0.0570063,21.8843,54,1767,30.0
P17_HED_rep5,P17,detection,HED,5,0,0,1,0,1,160.893,9.72,0.183105,0.0626318,25.6413,159.859,12.7296,0.187868,0.0657313,26.3292,55,1800,30.0
P17_SHR_rep1,P17,detection,SHR,1,0,0,1,0,0,156.329,6.94528,0.191283,0.041729,0.629311,154.757,8.44869,0.193535,0.0459743,0.853897,51,1700,30.0
P17_SHR_rep2,P17,detection,SHR,2,0,0,1,0,0,154.471,8.01708,0.219064,0.0475703,0.476041,150.861,10.5711,0.220942,0.0503665,0.633663,62,2032,30.0
P17_SHR_rep3,P17,detection,SHR,3,1,0,1,0,0,152.804,8.31615,0.214559,0.0496672,0.470509,150.138,9.42638,0.218314,0.0507942,1.96544,59,1934,30.0
P17_SHR_rep4,P17,detection,SHR,4,0,0,1,0,0,162.506,8.0431,0.22845,0.0655398,0.517512,161.237,9.73354,0.230703,0.0709335,1.36962,51,1667,30.0
P17_SHR_rep5,P17,detection,SHR,5,0,0,1,0,0,153.712,6.1455,0.209866,0.0684258,0.607187,152.05,7.18768,0.211931,0.07506,1.3798,56,1833,30.0
P17_TRK_rep1,P17,detection,TRK,1,0,0,0,1,0,162.957,,0.123743,0.311301,,162.588,9.54686,0.127175,0.321948,31.3642,59,1933,30.0
P17_TRK_rep2,P17,detection,TRK,2,0,0,0,1,0,161.478,,0.0823685,0.332341,,160.722,7.62065,0.0850379,0.340498,21.5435,58,1900,30.0
P17_TRK_rep3,P17,detection,TRK,3,0,0,0,1,0,163.399,,0.0865632,0.29234,,161.847,13.5883,0.0871352,0.294871,23.3113,59,1933,30.0
P17_TRK_rep4,P17,detection,TRK,4,0,0,0,1,0,164.216,,0.0663524,0.32835,,162.677,14.1381,0.0690218,0.333183,21.5005,55,1800,30.0
P17_TRK_rep5,P17,detection,TRK,5,0,0,0,1,0,165.975,,0.0833219,0.321017,,165.011,16.2393,0.0875165,0.330633,23.2523,57,1867,30.0
P18_ASY_rep1,P18,detection,ASY,1,1,0,1,0,0,143.689,,0.215691,0.0899584,,138.707,26.8447,0.221732,0.0923907,1.74288,46,1499,30.0
P18_ASY_rep2,P18,detection,ASY,2,1,0,1,1,0,153.305,,0.204057,0.0949157,,148.306,13.0289,0.209874,0.0986546,2.16191,48,1567,30.0
P18_ASY_rep3,P18,detection,ASY,3,0,0,1,1,0,157.335,,0.209426,0.0932363,,148.485,30.4959,0.21323,0.0952727,2.57309,49,1600,30.0
P18_ASY_rep4,P18,detection,ASY,4,1,0,1,1,0,150.839,,0.203609,0.0957348,,147.971,20.9683,0.209203,0.100717,2.19134,44,1433,30.0
P18_ASY_rep5,P18,detection,ASY,5,0,0,1,1,0,155.729,,0.203609,0.0977125,,148.175,32.6676,0.206518,0.100374,3.05493,47,1533,30.0
P18_COR_rep1,P18,detection,COR,1,0,0,1,0,0,167.289,10.7134,0.202436,0.0607732,1.01742,159.038,11.8931,0.211389,0.0619047,1.13266,40,1300,30.0
P18_COR_rep2,P18,detection,COR,2,0,0,1,0,0,170.824,11.5909,0.195666,0.0606734,1.13266,160.43,13.1636,0.202217,0.0637991,1.18311,40,1301,30.0
P18_COR_rep3,P18,detection,COR,3,0,0,1,0,0,171.341,9.27749,0.193264,0.0698737,0.828306,163.616,10.4497,0.198287,0.0717013,1.07199,42,1367,30.0
P18_COR_rep4,P18,detection,COR,4,0,0,1,0,0,171.107,7.63288,0.176012,0.0766825,1.13182,165.784,8.88922,0.183874,0.0795627,1.35153,42,1366,30.0
P18_COR_rep5,P18,detection,COR,5,0,0,1,0,0,171.564,7.7068,0.184966,0.0618662,0.782424,166.393,8.20013,0.195011,0.0689693,1.0168,39,1266,30.0
P18_COR_rep6,P18,detection,COR,6,0,0,0,0,0,171.266,8.65946,0.167059,0.0624108,0.899686,164.578,9.38647,0.176449,0.0666116,1.1925,39,1266,30.0
P18_COR_rep7,P18,detection,COR,7,0,0,0,0,0,170.091,5.5084,0.161162,0.0731406,1.07723,161.31,6.4824,0.170116,0.0756704,2.53153,44,1433,30.0
P18_COR_rep8,P18,detection,COR,8,0,0,1,0,0,168.014,9.62135,0.174702,0.0673667,1.3879,161.224,11.6681,0.182782,0.0712708,1.96769,40,1300,30.0
P18_COR_rep9,P18,detection,COR,9,0,1,0,0,0,164.386,14.351,0.149588,0.0684429,0.699504,157.269,15.2409,0.158979,0.0715127,1.54961,33,1067,30.0
P18_COR_rep10,P18,detection,COR,10,0,0,0,0,0,162.88,4.05415,0.15876,0.0787661,0.469006,155.526,7.01046,0.170116,0.0813058,1.10964,35,1133,30.0
P18_ELB_rep1,P18,detection,ELB,1,0,1,0,0,0,158.407,28.074,0.152679,0.0289775,2.19951,154.258,28.728,0.155134,0.0467292,2.31052,42,1367,30.0
P18_ELB_rep2,P18,detection,ELB,2,0,1,0,0,0,166.369,31.1363,0.143527,0.0276589,2.01342,159.322,33.7106,0.147991,0.0427288,2.25723,51,1667,30.0
P18_ELB_rep3,P18,detection,ELB,3,0,1,0,0,0,167.896,34.7139,0.126116,0.024254,1.94315,163.629,38.2025,0.128795,0.0369989,2.25545,48,1566,30.0
P18_ELB_rep4,P18,detection,ELB,4,0,1,0,0,0,167.913,24.6296,0.139509,0.0421192,1.87802,156.617,26.3844,0.141964,0.0455827,2.2557,47,1533,30.0
P18_ELB_rep5,P18,detection,ELB,5,0,1,0,0,0,164.641,33.8148,0.153795,0.0324257,1.51301,159.506,36.7446,0.157589,0.045973,2.19328,44,1434,30.0
P18_HED_rep1,P18,detection,HED,1,0,1,1,0,1,164.695,14.1374,0.217136,0.0657665,22.0842,154.513,14.6044,0.227016,0.0706742,22.6945,39,1268,30.0
P18_HED_rep2,P18,detection,HED,2,0,0,1,1,0,167.222,,0.196937,0.102774,,160.441,11.963,0.207476,0.111115,13.4139,37,1201,30.0
P18_HED_rep3,P18,detection,HED,3,0,1,0,0,1,170.766,14.3072,0.170371,0.0326479,26.1314,161.955,16.7504,0.176519,0.0408259,26.4949,36,1167,30.0
P18_HED_rep4,P18,detection,HED,4,0,0,1,1,0,169.84,,0.181349,0.104488,,163.125,17.4292,0.189253,0.107219,20.8044,38,1233,30.0
P18_HED_rep5,P18,detection,HED,5,0,1,0,0,1,170.855,33.6846,0.154344,0.0435267,28.2487,162.699,34.8938,0.163565,0.0542881,28.8222,36,1167,30.0
P18_SHR_rep1,P18,detection,SHR,1,0,0,0,0,0,167.425,7.6456,0.173753,0.0490493,1.19142,157.721,9.2071,0.182288,0.0502409,1.5403,29,967,30.0
P18_SHR_rep2,P18,detection,SHR,2,0,0,1,0,0,164.196,7.42483,0.197168,0.0394296,1.8251,153.781,8.25574,0.205922,0.0441321,2.11499,39,1268,30.0
P18_SHR_rep3,P18,detection,SHR,3,0,0,0,0,0,165.692,4.20407,0.163906,0.0544748,1.44949,157.197,5.91003,0.172003,0.0550581,1.59928,37,1200,30.0
P18_SHR_rep4,P18,detection,SHR,4,0,0,1,0,0,166.816,9.16556,0.175942,0.0671301,1.31258,158.244,10.0438,0.185351,0.070808,1.5393,38,1233,30.0
P18_SHR_rep5,P18,detection,SHR,5,0,0,1,0,0,168.577,5.41378,0.184695,0.066716,1.06239,162.933,6.47806,0.193667,0.0687277,1.31039,40,1300,30.0
P18_TRK_rep1,P18,detection,TRK,1,0,0,0,1,0,165.949,,0.110984,0.366173,,151.665,9.75708,0.125915,0.381426,29.0901,42,1367,30.0
P18_TRK_rep2,P18,detection,TRK,2,0,0,0,1,0,155.824,,0.0898121,0.365159,,145.69,16.0927,0.106972,0.377195,26.9561,41,1334,30.0
P18_TRK_rep3,P18,detection,TRK,3,0,0,0,1,0,167.865,,0.111875,0.343442,,158.275,9.66523,0.119229,0.351955,24.6821,44,1433,30.0
P18_TRK_rep4,P18,detection,TRK,4,0,0,0,1,0,168.727,,0.0980578,0.358412,,158.136,9.21028,0.111207,0.367308,25.4573,43,1400,30.0
P18_TRK_rep5,P18,detection,TRK,5,0,0,0,1,0,169.686,,0.0759948,0.34672,,161.88,10.5846,0.083572,0.353349,21.0846,45,1467,30.0
V01_ASY_rep1,V01,calibration,ASY,1,0,1,0,0,0,170.804,33.101,0.12665,0.0280143,1.94483,168.153,34.2843,0.13085,0.0354938,2.85123,51,1689,28.0
V01_ASY_rep2,V01,calibration,ASY,2,0,1,0,0,0,169.42,38.8059,0.12223,0.0291309,2.86889,163.459,43.7111,0.125987,0.0358905,3.05111,55,1800,28.0
V01_ASY_rep3,V01,calibration,ASY,3,0,1,0,0,0,169.251,24.2248,0.112062,0.0468096,2.99637,162.692,31.0956,0.113831,0.0477642,3.2072,50,1631,28.0
V01_ASY_rep4,V01,calibration,ASY,4,0,1,0,0,0,169.602,37.4268,0.128198,0.0404086,5.44337,164.408,39.4529,0.128419,0.0418024,5.72194,55,1804,28.0
V01_ASY_rep5,V01,calibration,ASY,5,0,1,0,0,0,170.036,33.5946,0.120683,0.0288918,4.35407,164.155,35.9457,0.123556,0.0345917,4.51217,50,1638,28.0
V01_COR_rep1,V01,calibration,COR,1,0,0,0,0,0,169.421,5.8043,0.0960569,0.0204509,0.645339,167.527,6.97249,0.0969382,0.0211745,0.991363,35,1267,27.0
V01_COR_rep2,V01,calibration,COR,2,0,0,0,0,0,171.098,3.76426,0.0960569,0.0269086,0.643768,168.634,4.01684,0.0969382,0.0306266,0.929144,38,1316,27.0
V01_COR_rep3,V01,calibration,COR,3,0,0,0,0,0,169.842,7.6767,0.0927522,0.0254434,0.567904,166.847,8.7292,0.0931929,0.0269431,0.929453,34,1290,27.0
V01_COR_rep4,V01,calibration,COR,4,0,0,0,0,0,169.769,8.0584,0.0971585,0.0266294,0.573432,167.566,8.52072,0.0987007,0.0319095,0.928202,35,1260,27.0
V01_COR_rep5,V01,calibration,COR,5,0,0,0,0,0,170.338,8.98703,0.0969382,0.020055,0.78582,167.417,9.29964,0.0978195,0.0234114,0.991343,31,1270,27.0
V01_ELB_rep2,V01,calibration,ELB,2,1,0,1,0,0,130.941,,0.205848,0.0150085,2.24638,129.789,25.8723,0.21089,0.0188416,2.43181,57,1894,26.0
V01_ELB_rep3,V01,calibration,ELB,3,1,0,1,0,0,122.403,,0.195983,0.0128151,1.8802,120.333,16.7253,0.197298,0.0182207,2.02238,49,1608,26.0
V01_ELB_rep4,V01,calibration,ELB,4,1,0,0,0,0,111.444,,0.154769,0.0147263,1.76547,109.315,17.0665,0.160469,0.0306683,1.83419,48,1664,26.0
V01_ELB_rep5,V01,calibration,ELB,5,1,0,0,0,0,126.486,11.0451,0.13767,0.0166579,1.30199,119.475,17.2013,0.139424,0.0252071,1.37135,46,1692,26.0
V01_HED_rep1,V01,calibration,HED,1,0,0,1,1,0,159.422,,0.580507,3.10407,,117.575,67.8933,0.867982,3.1327,14.4336,31,1109,26.0
V01_HED_rep2,V01,calibration,HED,2,0,0,0,0,1,171.597,8.54243,0.124506,0.0188251,17.401,162.257,9.03732,0.126284,0.0217955,17.8057,40,1425,26.0
V01_HED_rep3,V01,calibration,HED,3,0,0,0,0,1,172.473,4.60553,0.106274,0.0197664,25.412,164.279,6.12268,0.108498,0.0228567,26.0182,42,1423,26.0
V01_HED_rep4,V01,calibration,HED,4,0,0,0,0,1,171.084,3.80242,0.102272,0.00811383,21.2251,166.618,5.66356,0.105385,0.0148899,21.8963,37,1293,26.0
V01_HED_rep5,V01,calibration,HED,5,0,0,0,0,1,169.819,2.49199,0.0973812,0.0158431,23.6297,165.161,4.26607,0.100049,0.0195875,25.3493,39,1271,26.0
V01_SHR_rep2,V01,calibration,SHR,2,0,1,1,0,0,168.561,22.0498,0.296017,0.015198,0.945855,155.335,22.9736,0.299525,0.0188488,1.50975,45,1580,27.0
V01_SHR_rep3,V01,calibration,SHR,3,0,1,1,0,0,169.173,22.0987,0.23791,0.0166058,2.05333,167.556,23.9411,0.239664,0.0188163,2.40455,48,1643,27.0
V01_SHR_rep4,V01,calibration,SHR,4,0,1,1,0,0,165.858,19.1217,0.205677,0.0133769,0.650583,158.783,20.2863,0.20765,0.0280236,0.787054,54,1894,27.0
V01_SHR_rep5,V01,calibration,SHR,5,0,1,1,0,0,166.762,22.63,0.200853,0.0128587,1.55841,163.067,25.0389,0.203046,0.028454,1.70164,50,1685,27.0
V01_TRK_rep2,V01,calibration,TRK,2,0,1,0,1,1,168.674,19.5837,0.134297,0.135765,6.60852,164.294,34.0383,0.136922,0.146116,24.3501,42,1488,25.0
V01_TRK_rep3,V01,calibration,TRK,3,0,1,0,1,0,168.741,13.3022,0.111112,0.104706,3.90915,159.679,27.2499,0.114393,0.112766,17.3736,40,1379,25.0
V01_TRK_rep4,V01,calibration,TRK,4,0,1,0,1,1,167.969,28.9268,0.0960203,0.191117,7.31229,160.737,45.8579,0.100395,0.200802,25.2912,35,1326,25.0
V01_TRK_rep5,V01,calibration,TRK,5,0,1,0,1,0,169.291,33.0727,0.127079,0.143323,4.60937,161.13,41.2249,0.136703,0.149562,20.9616,38,1363,25.0
V02_ASY_rep1,V02,calibration,ASY,1,0,1,0,0,0,162.883,32.3332,0.0956078,0.030323,2.8523,157.853,35.2651,0.0972689,0.0338674,3.01615,54,1765,30.0
V02_ASY_rep2,V02,calibration,ASY,2,0,1,0,0,0,167.612,34.3223,0.0970843,0.0336755,2.90945,166.073,36.2518,0.0994837,0.0399801,3.01611,65,2132,30.0
V02_ASY_rep3,V02,calibration,ASY,3,0,1,0,0,0,164.651,41.8508,0.10096,0.0331997,2.90821,161.193,45.4335,0.102437,0.0405446,3.01606,62,2034,30.0
V02_ASY_rep4,V02,calibration,ASY,4,0,1,0,0,0,165.852,41.2806,0.0983763,0.0289314,2.90631,163.812,44.8294,0.0992992,0.0341902,3.01606,67,2201,30.0
V02_ASY_rep5,V02,calibration,ASY,5,0,1,0,0,0,166.098,39.3945,0.0991146,0.0379044,2.84982,165.18,44.3219,0.100037,0.0445418,2.9662,70,2284,30.0
V02_COR_rep1,V02,calibration,COR,1,0,0,0,0,0,170.34,1.88355,0.117796,0.00592009,0.950371,169.704,3.2641,0.121826,0.00769388,1.10368,34,1100,30.0
V02_COR_rep2,V02,calibration,COR,2,0,0,0,0,0,167.198,2.67364,0.112117,0.00858089,0.570148,165.728,3.30839,0.113399,0.0107094,0.815859,39,1266,30.0
V02_COR_rep3,V02,calibration,COR,3,0,0,0,0,0,168.756,2.98721,0.103507,0.00939313,0.974423,168.319,3.82076,0.104972,0.0111127,1.14344,43,1400,30.0
V02_COR_rep4,V02,calibration,COR,4,0,0,0,0,0,168.63,1.65128,0.113216,0.0047533,1.2089,167.614,2.03223,0.114315,0.00926958,1.38165,42,1366,30.0
V02_COR_rep5,V02,calibration,COR,5,0,0,0,0,0,168.729,2.74799,0.0884844,0.00659351,1.81059,167.783,4.46636,0.0888508,0.00778776,2.15961,41,1333,30.0
V02_COR_rep6,V02,calibration,COR,6,0,0,0,0,0,168.499,1.54305,0.0932476,0.00954371,1.80032,168.056,2.24183,0.0948963,0.0102822,1.97942,41,1333,30.0
V02_COR_rep7,V02,calibration,COR,7,0,0,0,0,0,168.439,2.39011,0.0943468,0.00606702,1.02666,167.772,4.48046,0.0980107,0.00684321,1.14344,42,1366,30.0
V02_COR_rep8,V02,calibration,COR,8,0,0,0,0,0,168.741,2.62072,0.105522,0.00866133,1.80465,167.332,3.40882,0.107171,0.0136126,1.86717,43,1401,30.0
V02_COR_rep9,V02,calibration,COR,9,0,0,0,0,0,167.759,5.09001,0.105522,0.00904795,1.10551,167.508,5.74969,0.106804,0.0125231,1.32909,44,1433,30.0
V02_COR_rep10,V02,calibration,COR,10,0,0,0,0,0,167.875,1.91174,0.101858,0.0147625,2.21337,167.353,3.41877,0.103873,0.0160504,2.2669,44,1433,30.0
V02_ELB_rep1,V02,calibration,ELB,1,1,0,0,0,0,140.063,0.00778275,0.166825,0.0209746,0.924279,137.412,15.1673,0.169155,0.0308405,1.16024,50,1633,30.0
V02_ELB_rep2,V02,calibration,ELB,2,1,0,1,0,0,143.205,,0.188866,0.0214449,1.08274,139.869,15.8768,0.191016,0.0252586,1.91135,48,1556,30.0
V02_ELB_rep3,V02,calibration,ELB,3,1,0,1,0,0,141.559,1.07761,0.175068,0.0141782,1.68117,139.914,13.7,0.176502,0.0163776,1.73459,47,1550,30.0
V02_ELB_rep4,V02,calibration,ELB,4,1,0,0,0,0,145.615,9.57842,0.164854,0.015253,1.75639,143.881,24.6469,0.166109,0.024081,2.02016,48,1584,30.0
V02_ELB_rep5,V02,calibration,ELB,5,1,0,0,0,0,144.502,2.57335,0.161808,0.0117676,2.12629,142.409,14.9749,0.165213,0.020324,2.29449,45,1467,30.0
V02_HED_rep1,V02,calibration,HED,1,0,0,0,0,1,166.829,11.293,0.150883,0.0467749,10.8987,165.332,11.7376,0.152699,0.0494833,11.6484,48,1583,30.0
V02_HED_rep2,V02,calibration,HED,2,0,0,0,0,1,169.424,7.25749,0.132,0.0478639,12.7432,165.594,7.97652,0.13436,0.0501242,13.4797,46,1483,30.0
V02_HED_rep3,V02,calibration,HED,3,0,0,0,0,1,170.77,4.10092,0.114206,0.0400131,11.8155,167.49,4.54634,0.115659,0.0425812,12.347,43,1416,30.0
V02_HED_rep4,V02,calibration,HED,4,0,0,0,0,1,167.409,12.296,0.106399,0.0279354,11.8122,165.148,13.9075,0.108033,0.029425,11.9929,52,1701,30.0
V02_HED_rep5,V02,calibration,HED,5,0,0,0,0,1,167.732,6.8323,0.123466,0.0375728,11.7072,163.95,7.07216,0.124193,0.0401768,12.5382,48,1583,30.0
V02_SHR_rep1,V02,calibration,SHR,1,0,0,1,0,0,174.027,2.68565,0.239486,0.0123502,1.16434,173.186,5.52926,0.244696,0.015959,1.62828,38,1233,30.0
V02_SHR_rep2,V02,calibration,SHR,2,0,0,1,0,0,172.123,5.4497,0.230182,0.0206939,1.37637,170.276,6.6534,0.235392,0.0228095,1.87811,43,1400,30.0
V02_SHR_rep3,V02,calibration,SHR,3,0,0,1,0,0,168.391,4.84553,0.210829,0.0247666,2.4645,165.857,6.16823,0.213062,0.0279665,3.02822,47,1533,30.0
V02_SHR_rep4,V02,calibration,SHR,4,0,0,1,0,0,169.412,6.12491,0.196315,0.0206519,2.87741,168.095,6.79966,0.199851,0.0243038,3.07047,46,1500,30.0
V02_SHR_rep5,V02,calibration,SHR,5,0,0,1,0,0,171.012,4.07857,0.22553,0.0273622,2.43752,170.417,6.10806,0.231484,0.0310618,2.69568,42,1367,30.0
V02_TRK_rep1,V02,calibration,TRK,1,0,0,0,1,0,165.882,,0.092421,0.18136,,160.593,8.58421,0.0955017,0.18686,15.0638,41,1333,30.0
V02_TRK_rep2,V02,calibration,TRK,2,0,0,0,1,0,158.983,4.76708,0.107825,0.204749,1.07415,154.037,8.79008,0.109637,0.211837,15.4765,57,1867,30.0
V02_TRK_rep3,V02,calibration,TRK,3,0,0,0,1,0,162.1,6.77741,0.11453,0.185559,1.30968,159.161,9.83366,0.116523,0.194079,13.4106,53,1734,30.0
V02_TRK_rep4,V02,calibration,TRK,4,0,0,0,1,0,164.958,2.67453,0.102932,0.186755,0.578901,161.734,7.35313,0.1042,0.193548,13.3504,55,1800,30.0
V02_TRK_rep5,V02,calibration,TRK,5,0,0,0,1,0,168.886,,0.091515,0.210801,,166.037,7.94776,0.0935084,0.214293,16.1736,54,1767,30.0
V03_ASY_rep1,V03,calibration,ASY,1,0,0,0,0,0,172.646,10.0065,0.0940998,0.0279629,2.01851,171.386,13.2292,0.09536,0.0300173,2.08642,77,2533,30.0
V03_ASY_rep2,V03,calibration,ASY,2,0,1,0,0,0,168.224,28.4825,0.101031,0.0420579,3.41429,167.321,31.1832,0.102291,0.0442088,3.62957,65,2133,30.0
V03_ASY_rep3,V03,calibration,ASY,3,0,1,0,0,0,167.704,28.8933,0.0924194,0.0323433,2.3429,166.328,29.9103,0.0934696,0.0358248,2.3837,54,1767,30.0
V03_ASY_rep4,V03,calibration,ASY,4,0,1,0,0,0,169.043,23.2113,0.0987207,0.0344982,1.29318,168.363,25.8679,0.0993509,0.0353708,1.40849,65,2133,30.0
V03_ASY_rep5,V03,calibration,ASY,5,0,1,0,0,0,168.343,24.399,0.100191,0.0371962,1.4781,167.842,32.1041,0.101031,0.0403199,1.70579,68,2234,30.0
V03_COR_rep1,V03,calibration,COR,1,0,0,0,0,0,169.161,3.99909,0.0894354,0.0372305,1.75601,168.079,5.62852,0.0932412,0.0411304,1.84329,48,1568,30.0
V03_COR_rep2,V03,calibration,COR,2,0,0,0,0,0,167.543,1.78838,0.106984,0.048632,1.61286,166.749,3.68086,0.108253,0.0515874,1.69669,54,1767,30.0
V03_COR_rep3,V03,calibration,COR,3,0,0,0,0,0,167.518,5.52367,0.107196,0.0348,2.61129,166.937,6.89191,0.108676,0.0382818,2.88711,52,1700,30.0
V03_COR_rep4,V03,calibration,COR,4,0,0,0,0,0,168.715,8.62797,0.105081,0.0494451,1.37513,168.201,10.3763,0.106561,0.0540658,1.64283,49,1600,30.0
V03_COR_rep5,V03,calibration,COR,5,0,0,0,0,0,169.563,4.18615,0.102121,0.0422341,1.9589,169.034,5.53048,0.102756,0.0462311,2.10934,56,1833,30.0
V03_COR_rep6,V03,calibration,COR,6,0,0,0,0,0,169.379,7.17422,0.105927,0.0459074,1.85228,168.809,8.14228,0.107196,0.0500962,2.00626,52,1700,30.0
V03_COR_rep7,V03,calibration,COR,7,0,0,0,0,0,170.588,6.59731,0.106561,0.0405344,0.872141,168.853,8.534,0.110156,0.0451238,1.09045,52,1702,30.0
V03_COR_rep8,V03,calibration,COR,8,0,0,0,0,0,168.804,4.65715,0.10931,0.0499477,1.64652,168.077,5.3127,0.111213,0.055158,1.76545,52,1700,30.0
V03_COR_rep9,V03,calibration,COR,9,0,0,0,0,0,169.825,5.34591,0.109099,0.0355802,1.24462,169.096,7.2823,0.111001,0.0383202,1.64121,51,1666,30.0
V03_COR_rep10,V03,calibration,COR,10,0,0,0,0,0,168.07,5.17317,0.107618,0.0393749,0.826924,166.973,6.16825,0.110156,0.0419702,1.73407,53,1750,30.0
V03_ELB_rep1,V03,calibration,ELB,1,1,0,0,0,0,151.176,8.31629,0.0859462,0.0379454,3.66902,150.803,10.6152,0.0892282,0.0392178,3.94594,68,2250,30.0
V03_ELB_rep2,V03,calibration,ELB,2,1,1,0,0,0,153.093,17.6205,0.0814335,0.0527987,1.45804,152.851,18.6498,0.0847155,0.0559028,1.93044,63,2050,30.0
V03_ELB_rep3,V03,calibration,ELB,3,1,1,0,0,0,152.307,15.554,0.077126,0.0435208,3.0939,151.134,18.111,0.0785618,0.0439235,3.34842,154,5099,30.0
V03_ELB_rep4,V03,calibration,ELB,4,1,0,0,0,0,151.283,11.9715,0.0865616,0.0446691,1.70956,150.093,14.9951,0.0879975,0.0457119,1.78277,65,2134,30.0
V03_ELB_rep5,V03,calibration,ELB,5,1,0,0,0,0,148.349,5.85991,0.0758952,0.0543408,3.68913,146.824,11.8113,0.0777413,0.0557983,4.01886,68,2233,30.0
V03_HED_rep1,V03,calibration,HED,1,0,0,0,0,1,169.618,7.70073,0.126485,0.0126638,16.301,168.991,9.00269,0.127703,0.014054,17.8099,69,2284,30.0
V03_HED_rep2,V03,calibration,HED,2,0,1,0,0,1,169.779,16.2143,0.141305,0.0181084,17.0692,168.395,16.6799,0.143742,0.0212193,18.0364,86,2833,30.0
V03_HED_rep3,V03,calibration,HED,3,0,0,0,0,1,169.772,8.45902,0.125876,0.0234379,20.1181,169.399,9.2399,0.126688,0.0260423,20.8658,83,2734,30.0
V03_HED_rep4,V03,calibration,HED,4,0,0,0,0,1,169.626,10.6245,0.104558,0.0228335,18.9331,169.175,12.4369,0.107603,0.0243222,20.4849,80,2646,30.0
V03_HED_rep5,V03,calibration,HED,5,0,0,0,0,1,167.65,9.56518,0.109634,0.0247886,20.3634,166.963,11.6403,0.111664,0.0256054,21.6377,70,2301,30.0
V03_SHR_rep1,V03,calibration,SHR,1,0,0,1,0,0,171.118,5.33903,0.200347,0.030897,3.34429,169.059,7.08956,0.204563,0.0325988,3.69129,53,1733,30.0
V03_SHR_rep2,V03,calibration,SHR,2,0,0,1,0,0,168.937,5.04675,0.199544,0.0359762,2.36027,167.063,7.12958,0.201351,0.0377161,2.56118,69,2266,30.0
V03_SHR_rep3,V03,calibration,SHR,3,0,0,1,0,0,169.919,4.56938,0.209983,0.0291274,3.20423,167.429,8.37539,0.216608,0.0307364,3.6301,64,2100,30.0
V03_SHR_rep4,V03,calibration,SHR,4,0,0,1,0,0,169.917,1.9395,0.185693,0.0290231,3.28773,169.399,4.44189,0.187901,0.0306089,3.4257,68,2234,30.0
V03_SHR_rep5,V03,calibration,SHR,5,0,1,1,0,0,169.962,13.2091,0.197938,0.0344686,3.37523,168.549,15.0311,0.200949,0.034875,3.5649,82,2700,30.0
V03_SHR_rep6,V03,calibration,SHR,6,0,1,0,0,0,170.111,19.8615,0.167424,0.0345756,3.25777,169.355,21.748,0.168027,0.0364747,3.67725,76,2500,30.0
V03_SHR_rep7,V03,calibration,SHR,7,0,0,1,0,0,170.085,6.48802,0.178265,0.0253103,3.22511,168.88,7.57032,0.179068,0.0261707,3.56328,81,2667,30.0
V03_SHR_rep8,V03,calibration,SHR,8,0,0,1,0,0,166.79,6.10574,0.202555,0.0351735,3.63055,165.484,6.47721,0.205968,0.0361245,3.69149,74,2434,30.0
V03_SHR_rep9,V03,calibration,SHR,9,0,0,1,0,0,170.736,7.67032,0.180072,0.0421297,3.15613,168.112,8.30681,0.181075,0.0452762,3.56584,69,2267,30.0
V03_SHR_rep10,V03,calibration,SHR,10,0,0,1,0,0,169.696,5.03655,0.183484,0.0390407,1.72492,168.51,5.52249,0.18509,0.0407944,2.29622,72,2366,30.0
V03_TRK_rep1,V03,calibration,TRK,1,0,0,0,1,0,167.858,,0.0313943,0.239268,,167.474,9.0459,0.0338248,0.24189,28.8984,65,2150,30.0
V03_TRK_rep2,V03,calibration,TRK,2,0,0,0,1,0,171.933,0.250435,0.0214697,0.241213,4.04317,171.65,5.53528,0.0247104,0.242908,25.7872,64,2112,30.0
V03_TRK_rep3,V03,calibration,TRK,3,0,0,0,1,0,172.178,0.516523,0.0153933,0.234709,2.22663,170.711,13.4781,0.0200519,0.237532,28.3312,68,2233,30.0
V03_TRK_rep4,V03,calibration,TRK,4,0,0,0,1,0,169.51,,0.00911448,0.221731,,168.405,12.1418,0.0119501,0.223251,33.9746,60,1967,30.0
V03_TRK_rep5,V03,calibration,TRK,5,0,0,0,1,0,169.783,,0.0164061,0.224729,,169.131,14.2553,0.0174188,0.22814,31.9967,64,2100,30.0
V04_ASY_rep1,V04,calibration,ASY,1,0,1,1,0,0,155.204,48.787,0.174165,0.0120733,1.00163,154.557,50.219,0.177035,0.0233322,1.10566,87,2867,30.0
V04_ASY_rep2,V04,calibration,ASY,2,0,1,0,0,0,158.281,38.9771,0.171296,0.0187462,1.55786,157.888,40.1747,0.1724,0.0263376,1.76296,88,2900,30.0
V04_ASY_rep3,V04,calibration,ASY,3,0,1,1,0,0,157.58,40.0305,0.19028,0.0277384,1.18876,154.191,44,0.192487,0.0315787,1.28242,84,2766,30.0
V04_ASY_rep4,V04,calibration,ASY,4,0,1,1,0,0,159.305,42.6199,0.185865,0.0321982,3.50564,158.007,44.5581,0.189176,0.0369561,3.66848,95,3133,30.0
V04_ASY_rep5,V04,calibration,ASY,5,0,1,1,0,0,158.109,33.5535,0.188734,0.01841,1.64074,157.876,35.2579,0.1905,0.0282583,1.9403,96,3166,30.0
V04_COR_rep1,V04,calibration,COR,1,0,0,0,0,0,165.185,1.83872,0.135149,0.00638929,1.37177,162.193,2.29413,0.136244,0.0103881,1.62939,38,1234,30.0
V04_COR_rep2,V04,calibration,COR,2,0,0,0,0,0,159.262,2.44776,0.140187,0.0119106,1.18184,157.468,4.38283,0.140406,0.0144437,1.3238,66,2167,30.0
V04_COR_rep3,V04,calibration,COR,3,0,0,0,0,0,158.868,2.80627,0.130768,0.00575557,0.555515,157.599,4.7719,0.131863,0.0111056,0.911894,67,2200,30.0
V04_COR_rep4,V04,calibration,COR,4,0,0,0,0,0,160.644,3.50429,0.129016,0.0148466,0.986628,157.796,5.09982,0.130111,0.0159946,1.19056,69,2267,30.0
V04_COR_rep5,V04,calibration,COR,5,0,0,0,0,0,159.577,4.17427,0.120911,0.0104669,1.23756,158.242,9.04375,0.123102,0.0144771,1.57208,64,2100,30.0
V04_COR_rep6,V04,calibration,COR,6,0,0,0,0,0,159.279,5.91822,0.119159,0.0235494,0.513305,157.886,6.61855,0.120035,0.0245956,0.689164,60,1967,30.0
V04_COR_rep7,V04,calibration,COR,7,1,0,0,0,0,152.361,1.89956,0.112588,0.0124435,0.691454,148.639,4.75018,0.113026,0.0149621,0.960434,61,1999,30.0
V04_COR_rep8,V04,calibration,COR,8,0,0,0,0,0,158.942,4.1459,0.10514,0.0122622,0.329868,154.317,8.976,0.107111,0.0139662,0.387682,63,2067,30.0
V04_COR_rep9,V04,calibration,COR,9,0,0,0,0,0,156.942,2.93914,0.125511,0.0127303,0.327203,154.895,5.40165,0.126825,0.0149598,0.387611,63,2067,30.0
V04_COR_rep10,V04,calibration,COR,10,1,0,0,0,0,153.146,2.67351,0.130987,0.00708852,0.551517,150.499,6.32331,0.131644,0.013553,0.717147,65,2133,30.0
V04_ELB_rep1,V04,calibration,ELB,1,1,0,0,0,0,129.309,,0.120282,0.0122728,0.523848,125.058,8.12681,0.123538,0.0137584,1.4406,60,1976,30.0
V04_ELB_rep2,V04,calibration,ELB,2,1,0,0,0,0,119.327,,0.133091,0.00895936,0.74896,117.796,7.23621,0.13396,0.0101936,0.992663,66,2167,30.0
V04_ELB_rep3,V04,calibration,ELB,3,1,0,0,0,0,118.916,,0.13396,0.00817933,0.413977,112.994,11.235,0.134177,0.0130851,1.16936,73,2400,30.0
V04_ELB_rep4,V04,calibration,ELB,4,1,0,0,0,0,118.165,,0.129183,0.0134594,0.417538,115.194,8.17437,0.129618,0.0175843,0.614345,69,2268,30.0
V04_ELB_rep5,V04,calibration,ELB,5,1,0,0,0,0,121.347,,0.138519,0.0111992,0.471593,114.442,11.0742,0.139171,0.0117254,1.51335,84,2767,30.0
V04_HED_rep1,V04,calibration,HED,1,0,1,0,0,1,162.651,16.2418,0.149632,0.0131145,27.795,162.117,18.2867,0.153863,0.0180072,28.0963,62,2033,30.0
V04_HED_rep2,V04,calibration,HED,2,0,0,0,0,1,161.292,10.4742,0.156757,0.00779632,26.68,159.869,13.5221,0.158539,0.010129,26.9956,59,1933,30.0
V04_HED_rep3,V04,calibration,HED,3,0,0,0,0,1,160.179,8.54392,0.151859,0.0144708,24.2107,158.065,10.339,0.152972,0.0201613,24.4193,71,2334,30.0
V04_HED_rep4,V04,calibration,HED,4,0,0,0,0,1,160.026,6.78421,0.158761,0.013081,26.383,158.335,12.81,0.160097,0.0138882,27.0566,73,2401,30.0
V04_HED_rep5,V04,calibration,HED,5,0,0,0,0,1,163.439,5.76424,0.173235,0.00769626,30.0548,161.723,8.06562,0.175016,0.0129019,30.5628,66,2167,30.0
V04_SHR_rep1,V04,calibration,SHR,1,0,0,0,0,0,164.129,11.2535,0.148664,0.0192426,1.54355,163.426,12.0807,0.150528,0.0236069,2.24253,71,2333,30.0
V04_SHR_rep2,V04,calibration,SHR,2,0,0,1,0,0,164.585,9.0196,0.19084,0.0247676,1.12559,162.563,9.19145,0.191073,0.0275983,1.18975,80,2634,30.0
V04_SHR_rep3,V04,calibration,SHR,3,0,0,0,0,0,160.614,9.6755,0.136547,0.0238867,2.60598,160.031,11.4086,0.138178,0.0284458,2.94528,75,2467,30.0
V04_SHR_rep4,V04,calibration,SHR,4,0,0,0,0,0,164.47,6.46444,0.150761,0.0297275,1.23071,163.097,8.03712,0.152858,0.0319886,1.57745,69,2267,30.0
V04_SHR_rep5,V04,calibration,SHR,5,0,0,1,0,0,162.265,11.1596,0.177325,0.0280221,1.26266,160.564,12.7467,0.178024,0.0377418,1.54679,76,2500,30.0
V04_TRK_rep1,V04,calibration,TRK,1,0,0,0,0,1,161.861,7.37176,0.145957,0.0884413,9.69163,160.645,28.4754,0.150724,0.090087,17.9552,52,1699,30.0
V04_TRK_rep2,V04,calibration,TRK,2,0,1,0,1,1,158.724,19.0774,0.150724,0.13362,11.183,158.383,62.4821,0.154583,0.136014,32.7332,72,2367,30.0
V04_TRK_rep3,V04,calibration,TRK,3,0,0,0,1,0,158.366,4.72175,0.141417,0.191679,1.52951,157.187,54.4708,0.144822,0.194737,37.8345,69,2267,30.0
V04_TRK_rep4,V04,calibration,TRK,4,0,0,0,1,0,158.933,,0.0914787,0.23111,,156.939,20.1781,0.0921596,0.233149,30.2624,63,2067,30.0
V04_TRK_rep5,V04,calibration,TRK,5,0,0,0,1,1,161.379,12.3978,0.101012,0.221903,9.12141,157.751,29.2729,0.102147,0.223591,28.4788,64,2100,30.0
V05_ASY_rep1,V05,calibration,ASY,1,0,1,0,0,0,160.968,32.5385,0.11603,0.0278807,1.09969,159.499,34.9009,0.118084,0.0287651,1.27125,76,2501,30.0
V05_ASY_rep2,V05,calibration,ASY,2,0,1,0,0,0,164.151,37.2979,0.086663,0.0290596,2.16987,163.229,38.0646,0.0909756,0.030714,2.39458,75,2466,30.0
V05_ASY_rep3,V05,calibration,ASY,3,0,1,0,0,0,161.024,30.1097,0.081529,0.015591,2.87284,159.464,31.9496,0.0825558,0.0180202,3.65806,76,2483,30.0
V05_ASY_rep4,V05,calibration,ASY,4,0,1,0,0,0,163.469,43.7044,0.0905649,0.0258398,1.31333,163.026,44.5688,0.0967258,0.0325318,1.48646,78,2573,30.0
V05_ASY_rep5,V05,calibration,ASY,5,0,1,0,0,0,162.613,36.9897,0.0798861,0.013581,1.02987,161.518,37.9597,0.0821451,0.0178741,1.18016,72,2350,30.0
V05_COR_rep1,V05,calibration,COR,1,0,0,0,0,0,162.114,8.72071,0.070387,0.0170436,2.65565,161.182,12.0028,0.0725741,0.0183038,2.92486,46,1500,30.0
V05_COR_rep2,V05,calibration,COR,2,0,0,0,0,0,160.798,5.94827,0.0634278,0.0138402,1.3529,160.19,8.46372,0.0664103,0.0158513,1.82177,49,1600,30.0
V05_COR_rep3,V05,calibration,COR,3,0,0,0,0,0,160.264,4.31151,0.0683986,0.0153533,1.50038,159.428,5.52954,0.0711823,0.0170999,1.68102,50,1634,30.0
V05_COR_rep4,V05,calibration,COR,4,0,0,0,0,0,157.892,3.43627,0.0600476,0.0222475,1.697,156.991,4.57286,0.0622348,0.0244952,1.95332,51,1667,30.0
V05_COR_rep5,V05,calibration,COR,5,0,0,0,0,0,161.206,2.75407,0.0628313,0.0209001,2.12287,160.438,3.55576,0.0654161,0.0219382,2.37967,45,1466,30.0
V05_COR_rep6,V05,calibration,COR,6,0,0,0,0,0,162.982,5.74551,0.0630301,0.0175799,2.45323,162.382,11.5108,0.0646208,0.0185656,2.62003,42,1367,30.0
V05_COR_rep7,V05,calibration,COR,7,0,0,0,0,0,160.151,5.14527,0.0640243,0.0260804,1.74006,158.73,7.24268,0.0672056,0.0307915,1.8158,48,1566,30.0
V05_COR_rep8,V05,calibration,COR,8,0,0,0,0,0,162.071,7.82332,0.062036,0.0132447,1.65934,161.001,9.53014,0.063229,0.0166381,1.84585,46,1499,30.0
V05_COR_rep9,V05,calibration,COR,9,0,0,0,0,0,159.516,4.74495,0.0652173,0.0182692,1.18498,158.166,7.46049,0.0670068,0.0193713,1.27023,45,1468,30.0
V05_COR_rep10,V05,calibration,COR,10,0,0,0,0,0,159.748,4.55707,0.0666091,0.0263593,2.14748,158.33,7.46203,0.0687963,0.0268726,2.44029,45,1467,30.0
V05_ELB_rep1,V05,calibration,ELB,1,1,0,0,0,0,123.557,3.11049,0.0984649,0.025344,1.87254,121.648,9.30013,0.100063,0.0281912,2.14787,55,1810,30.0
V05_ELB_rep2,V05,calibration,ELB,2,1,0,0,0,0,118.328,,0.0864813,0.0273827,0.768579,116.569,9.02111,0.08748,0.0293013,0.931386,63,2067,30.0
V05_ELB_rep3,V05,calibration,ELB,3,1,0,0,0,0,110.599,,0.0822871,0.0234274,0.705137,109.101,11.2668,0.0836852,0.0251145,0.730352,65,2133,30.0
V05_ELB_rep4,V05,calibration,ELB,4,1,0,0,0,0,108.883,,0.0856824,0.0206488,0.992132,108.457,12.2529,0.0868808,0.0255993,1.27943,60,1967,30.0
V05_ELB_rep5,V05,calibration,ELB,5,1,0,0,0,0,107.031,,0.0603172,0.029494,0.704984,106.815,8.37782,0.0613159,0.032136,0.964986,59,1934,30.0
V05_HED_rep1,V05,calibration,HED,1,0,0,0,0,1,165.237,8.90157,0.0801636,0.0253361,13.7072,163.911,10.4213,0.0829694,0.03094,13.9596,54,1767,30.0
V05_HED_rep2,V05,calibration,HED,2,0,0,0,0,1,163.157,6.77804,0.0861759,0.0250959,17.3014,161.593,8.45311,0.0877792,0.0261875,17.6957,59,1934,30.0
V05_HED_rep3,V05,calibration,HED,3,0,0,0,0,1,164.35,4.75041,0.0994029,0.0325938,19.8843,161.255,7.2303,0.101207,0.0375614,20.2331,63,2085,30.0
V05_HED_rep4,V05,calibration,HED,4,0,0,0,0,1,163.401,4.90049,0.0897833,0.0223105,20.2708,162.283,5.88192,0.0927894,0.0271895,20.6599,56,1832,30.0
V05_HED_rep5,V05,calibration,HED,5,0,0,0,0,1,165.416,6.11815,0.0931902,0.0464041,25.9565,160.027,6.84564,0.0955951,0.0527981,27.4618,51,1668,30.0
V05_SHR_rep1,V05,calibration,SHR,1,0,0,0,0,0,164.218,8.03193,0.172608,0.0220838,1.59496,163.677,10.4412,0.173845,0.0230541,1.91101,58,1899,30.0
V05_SHR_rep2,V05,calibration,SHR,2,0,0,1,0,0,162.144,7.36847,0.179001,0.0252173,2.08905,161.624,8.66618,0.180651,0.0334223,2.42945,55,1816,30.0
V05_SHR_rep3,V05,calibration,SHR,3,0,0,0,0,0,162.217,6.56025,0.169721,0.0320456,2.16927,159.703,7.64284,0.171783,0.041757,2.29666,57,1866,30.0
V05_SHR_rep4,V05,calibration,SHR,4,0,0,1,0,0,164.166,6.19697,0.182507,0.0127375,0.730279,163.777,7.63028,0.184157,0.0249602,0.914083,57,1867,30.0
V05_SHR_rep5,V05,calibration,SHR,5,0,0,1,0,0,161.884,5.00777,0.182094,0.0218831,2.09425,160.464,6.83695,0.182507,0.0242619,2.23669,51,1667,30.0
V05_TRK_rep1,V05,calibration,TRK,1,0,0,0,1,0,159.561,,0.0893569,0.14073,,158.538,13.2303,0.0927937,0.142255,18.6826,53,1717,30.0
V05_TRK_rep2,V05,calibration,TRK,2,0,0,0,1,0,162.37,,0.0883461,0.153899,,162.056,12.7039,0.0903677,0.154822,18.1177,55,1800,30.0
V05_TRK_rep3,V05,calibration,TRK,3,0,0,0,1,0,162.343,,0.0687361,0.178282,,161.383,10.6019,0.0695447,0.179731,17.9099,53,1733,30.0
V05_TRK_rep4,V05,calibration,TRK,4,0,0,0,1,0,163.83,,0.0717685,0.162181,,162.529,16.3214,0.0721729,0.163665,15.1878,56,1834,30.0
V05_TRK_rep5,V05,calibration,TRK,5,0,0,0,1,0,161.215,,0.0665122,0.16666,,157.718,10.7696,0.0703534,0.168947,20.2708,53,1734,30.0
V06_ASY_rep1,V06,calibration,ASY,1,0,0,0,0,0,163.89,9.80585,0.121172,0.0540232,0.532822,160.991,11.204,0.124864,0.0569685,1.28608,63,2058,29.0
V06_ASY_rep2,V06,calibration,ASY,2,0,1,0,0,0,160.72,18.8971,0.115401,0.0520915,1.01528,160.279,20.5573,0.116094,0.0539259,1.34518,69,2283,29.0
V06_ASY_rep3,V06,calibration,ASY,3,0,1,0,0,0,163.877,29.9695,0.122095,0.0449319,1.28594,160.953,33.1253,0.123941,0.0461163,1.51151,69,2268,29.0
V06_ASY_rep4,V06,calibration,ASY,4,0,1,0,0,0,165.397,18.0487,0.104323,0.0511755,0.94502,163.237,26.8026,0.1064,0.0523704,1.28565,66,2273,29.0
V06_ASY_rep5,V06,calibration,ASY,5,0,1,0,0,0,163.035,27.1865,0.0777806,0.0492857,1.35807,160.44,29.2808,0.0791654,0.0508349,2.05612,69,2302,29.0
V06_COR_rep1,V06,calibration,COR,1,0,0,0,0,0,165.859,4.84616,0.127964,0.0439354,1.19006,163.444,5.75224,0.130024,0.0459274,1.38671,49,1641,29.0
V06_COR_rep2,V06,calibration,COR,2,0,0,0,0,0,161.134,4.67943,0.107133,0.0454947,2.1301,158.977,6.25573,0.109193,0.0464116,2.19018,53,1726,29.0
V06_COR_rep3,V06,calibration,COR,3,0,0,0,0,0,165.143,4.89098,0.114687,0.0391382,1.8418,163.072,6.53483,0.118579,0.0410204,1.95138,50,1779,29.0
V06_COR_rep4,V06,calibration,COR,4,0,0,0,0,0,165.8,5.34443,0.0924821,0.0397675,1.10231,164.375,6.41889,0.095458,0.0404587,1.16866,54,1807,29.0
V06_COR_rep5,V06,calibration,COR,5,0,0,0,0,0,164.072,3.04715,0.0917953,0.0376147,1.00287,162.304,4.02806,0.0959158,0.0385724,1.09809,47,1626,29.0
V06_ELB_rep1,V06,calibration,ELB,1,1,0,0,0,1,131.679,2.06111,0.127214,0.0558967,6.54799,129.776,5.01731,0.130141,0.0579592,6.70656,55,1846,29.0
V06_ELB_rep2,V06,calibration,ELB,2,1,0,0,0,0,133.166,3.1337,0.117082,0.0464637,2.46467,132.094,6.93871,0.117532,0.0491076,2.70553,58,1967,29.0
V06_ELB_rep3,V06,calibration,ELB,3,1,0,0,0,0,138.069,1.0878,0.112128,0.0415308,2.06994,137.792,10.5465,0.114605,0.0420767,2.25041,58,1968,29.0
V06_ELB_rep4,V06,calibration,ELB,4,1,0,0,0,0,141.066,2.64186,0.104248,0.0417145,2.40631,140.535,6.73053,0.105148,0.0440924,2.86137,54,1831,29.0
V06_ELB_rep5,V06,calibration,ELB,5,1,0,0,0,0,139.071,5.46416,0.113254,0.0452301,2.80716,137.494,10.4287,0.113704,0.0482479,3.13551,53,1895,29.0
V06_HED_rep1,V06,calibration,HED,1,0,0,0,0,1,164.139,8.21932,0.125289,0.0427307,23.1514,162.393,10.2129,0.129602,0.0484417,23.4689,44,1432,28.0
V06_HED_rep2,V06,calibration,HED,2,0,0,0,0,1,163.35,11.0537,0.136865,0.0415419,27.1129,160.525,13.1399,0.137773,0.0449768,27.719,45,1549,28.0
V06_HED_rep3,V06,calibration,HED,3,0,0,0,0,1,167.579,10.0426,0.140043,0.0436662,26.528,166.287,11.5755,0.142539,0.0484234,27.1807,43,1421,28.0
V06_HED_rep4,V06,calibration,HED,4,0,0,0,0,1,163.252,12.203,0.131872,0.0422097,24.9537,162.268,13.1682,0.134595,0.0444968,25.8359,47,1635,28.0
V06_HED_rep5,V06,calibration,HED,5,0,0,0,0,1,164.388,6.88485,0.108039,0.0500123,25.1935,163.475,7.90855,0.110763,0.0526758,25.8078,48,1642,28.0
V06_SHR_rep1,V06,calibration,SHR,1,0,0,0,0,0,165.422,8.6203,0.133014,0.0290916,0.925767,164.071,8.81499,0.135053,0.0302969,2.16885,57,1889,29.0
V06_SHR_rep2,V06,calibration,SHR,2,0,0,0,0,0,164.982,10.8969,0.132334,0.0299537,2.12009,162.885,13.6741,0.133467,0.0306786,2.25266,62,2049,29.0
V06_SHR_rep3,V06,calibration,SHR,3,0,0,0,0,0,163.759,12.6067,0.128708,0.0227327,2.08047,162.324,13.8321,0.129388,0.0241958,2.19953,59,2063,29.0
V06_SHR_rep4,V06,calibration,SHR,4,0,1,0,0,0,166.999,16.718,0.13256,0.0273604,3.28072,163.774,17.6622,0.13392,0.0279935,3.66777,55,1801,29.0
V06_SHR_rep5,V06,calibration,SHR,5,0,1,0,0,0,165.124,15.9309,0.142304,0.0210884,2.51117,163.631,19.5451,0.147289,0.0214391,2.95883,49,1768,29.0
V07_ASY_rep1,V07,calibration,ASY,1,0,1,1,0,0,165.546,33.8473,0.253579,0.0204643,2.38314,160.829,36.2463,0.262254,0.0226161,3.15832,35,1333,30.0
V07_ASY_rep2,V07,calibration,ASY,2,0,1,1,0,0,164.974,43.8008,0.2443,0.0287008,3.70733,159.849,48.9085,0.247326,0.0308093,3.88502,44,1500,30.0
V07_ASY_rep3,V07,calibration,ASY,3,0,1,1,0,1,166.87,42.5053,0.276375,0.0284943,6.90246,162.871,50.6818,0.279401,0.031934,7.67727,47,1533,30.0
V07_ASY_rep4,V07,calibration,ASY,4,0,1,1,0,0,166.066,49.545,0.243291,0.0377922,3.34823,159.25,53.7238,0.258623,0.0410929,4.25996,41,1334,30.0
V07_ASY_rep5,V07,calibration,ASY,5,0,1,1,0,0,164.397,55.4847,0.257009,0.0184776,1.95682,159.598,61.0652,0.263666,0.0219264,2.29248,46,1499,30.0
V07_COR_rep1,V07,calibration,COR,1,0,0,1,0,0,172.241,2.44551,0.176306,0.0141979,1.55488,170.028,3.17546,0.188472,0.0177261,1.9771,18,701,30.0
V07_COR_rep2,V07,calibration,COR,2,0,0,0,0,0,173.512,3.25704,0.155165,0.015494,0.444253,169.711,11.0012,0.169126,0.0185935,0.587256,32,1201,30.0
V07_COR_rep3,V07,calibration,COR,3,0,0,0,0,0,173.838,4.02687,0.157957,0.019469,0.328452,171.166,5.95912,0.173314,0.0236414,0.501173,27,1067,30.0
V07_COR_rep4,V07,calibration,COR,4,0,0,0,0,0,174.063,3.14317,0.165736,0.025445,0.613883,172.969,4.07057,0.17491,0.0270455,0.739519,38,1229,30.0
V07_COR_rep5,V07,calibration,COR,5,0,0,1,0,0,173.777,2.54625,0.183486,0.0301689,0.696531,172.105,3.33883,0.18907,0.0320323,0.901988,35,1167,30.0
V07_COR_rep6,V07,calibration,COR,6,0,0,1,0,0,173.789,3.54104,0.1785,0.0320611,0.581324,172.245,6.88985,0.182688,0.0346271,0.677678,38,1234,30.0
V07_COR_rep7,V07,calibration,COR,7,0,0,0,0,0,173.166,4.02028,0.170921,0.0291935,1.09859,171.721,5.99009,0.179098,0.0323169,1.2217,34,1100,30.0
V07_COR_rep8,V07,calibration,COR,8,0,0,1,0,0,172.749,3.53464,0.17471,0.0345933,0.953213,171.87,6.06528,0.181691,0.0363029,1.22784,36,1167,30.0
V07_COR_rep9,V07,calibration,COR,9,0,0,1,0,0,172.566,3.41174,0.182688,0.0323306,0.635967,170.387,6.90136,0.187475,0.0356843,1.2895,34,1100,30.0
V07_COR_rep10,V07,calibration,COR,10,0,0,1,0,0,171.163,3.97586,0.182688,0.0383037,0.492117,168.957,6.42687,0.185879,0.041548,0.573825,36,1167,30.0
V07_ELB_rep1,V07,calibration,ELB,1,1,0,1,0,0,147.472,10.1535,0.197323,0.0271924,0.363575,139.535,12.036,0.223286,0.0293042,0.425138,24,788,30.0
V07_ELB_rep2,V07,calibration,ELB,2,0,0,1,0,0,154.001,11.753,0.209905,0.0075586,0.640534,153.406,12.9608,0.2133,0.0125565,1.40536,45,1466,30.0
V07_ELB_rep3,V07,calibration,ELB,3,0,0,1,0,0,158.547,8.89609,0.204512,0.0140252,2.15888,157.154,10.5049,0.206909,0.0216984,2.4203,49,1600,30.0
V07_ELB_rep4,V07,calibration,ELB,4,1,0,1,0,0,150.531,4.91462,0.202315,0.0123434,0.519006,148.148,7.15682,0.207308,0.0206725,0.656213,53,1734,30.0
V07_ELB_rep5,V07,calibration,ELB,5,1,0,1,0,0,150.261,11.4724,0.196923,0.0100581,1.23281,149.142,13.7322,0.201716,0.0140223,1.50888,47,1533,30.0
V07_HED_rep1,V07,calibration,HED,1,0,0,0,0,1,167.401,7.7717,0.169149,0.0327976,21.2498,164.859,8.73882,0.179135,0.034764,21.3963,30,1100,30.0
V07_HED_rep2,V07,calibration,HED,2,0,0,1,0,1,168.876,6.28674,0.189936,0.0335214,19.399,167.8,6.62932,0.19768,0.0362458,20.5755,37,1233,30.0
V07_HED_rep3,V07,calibration,HED,3,0,0,1,0,1,170.318,4.10073,0.178116,0.0261488,19.8488,167.005,4.98293,0.189121,0.0300175,20.8916,32,1200,30.0
V07_HED_rep4,V07,calibration,HED,4,0,0,1,0,1,170.235,4.38327,0.17832,0.0360439,19.2721,167.976,6.42062,0.186471,0.039432,20.3241,30,1200,30.0
V07_HED_rep5,V07,calibration,HED,5,0,0,1,0,1,168.866,7.38861,0.198903,0.029882,19.2257,166.057,10.4613,0.201756,0.0314612,20.0386,40,1367,30.0
V07_SHR_rep1,V07,calibration,SHR,1,0,0,1,0,0,171.825,4.49616,0.2723,0.01463,1.70812,171.19,6.21319,0.275926,0.0184435,2.83914,33,1266,30.0
V07_SHR_rep2,V07,calibration,SHR,2,0,0,1,0,0,171.927,6.39522,0.261827,0.0274886,2.27999,170.754,8.60285,0.263439,0.0314877,2.83773,44,1433,30.0
V07_SHR_rep3,V07,calibration,SHR,3,0,0,1,0,0,173.116,6.46614,0.234235,0.0137364,1.86582,170.606,8.75686,0.236853,0.0166645,2.71251,43,1400,30.0
V07_SHR_rep4,V07,calibration,SHR,4,0,0,1,0,0,171.734,4.79636,0.233631,0.0185339,1.68858,169.597,6.91111,0.234839,0.0207022,2.71401,43,1434,30.0
V07_SHR_rep5,V07,calibration,SHR,5,0,0,1,0,0,168.527,3.53688,0.222553,0.0227269,2.40075,165.286,6.00451,0.224366,0.024437,2.89497,41,1333,30.0
V07_TRK_rep1,V07,calibration,TRK,1,0,0,0,1,0,159.208,,0.106326,0.2169,,151.509,61.7401,0.108317,0.230059,21.0892,26,834,30.0
V07_TRK_rep2,V07,calibration,TRK,2,0,0,1,1,0,163.664,10.9482,0.214046,0.104128,2.53026,157.657,27.8043,0.222807,0.106669,10.1387,38,1233,30.0
V07_TRK_rep3,V07,calibration,TRK,3,0,0,0,1,0,165.106,,0.111901,0.190393,,156.249,41.8324,0.114888,0.198391,17.7357,35,1133,30.0
V07_TRK_rep4,V07,calibration,TRK,4,0,1,0,1,0,165.176,28.2366,0.118671,0.125472,1.72445,157.324,56.9826,0.120861,0.135029,12.4027,34,1158,30.0
V07_TRK_rep5,V07,calibration,TRK,5,1,0,0,1,0,149.03,,0.077853,0.262196,,140.729,46.2599,0.079645,0.2732,24.3141,44,1435,30.0
V08_ASY_rep1,V08,calibration,ASY,1,0,1,0,0,0,169.268,14.4951,0.161504,0.0220547,1.51803,168.73,47.1668,0.165681,0.0335731,1.6755,44,1467,30.0
V08_ASY_rep2,V08,calibration,ASY,2,0,1,0,0,0,168.415,69.9627,0.146189,0.0268553,2.34155,167.941,74.9188,0.151161,0.0330197,2.53958,61,2000,30.0
V08_ASY_rep3,V08,calibration,ASY,3,0,1,0,0,0,169.602,65.8258,0.160907,0.0224353,0.899192,169.245,72.6961,0.166874,0.0312087,1.00819,60,1967,30.0
V08_ASY_rep4,V08,calibration,ASY,4,0,1,0,0,0,167.109,68.2084,0.155139,0.0217565,1.24638,166.891,74.9132,0.159515,0.0332461,1.36831,62,2033,30.0
V08_ASY_rep5,V08,calibration,ASY,5,0,1,0,0,0,168.067,64.7539,0.15852,0.0228991,1.24568,167.558,71.431,0.164487,0.032006,1.42243,64,2100,30.0
V08_COR_rep1,V08,calibration,COR,1,0,0,0,0,0,166.269,3.71763,0.0997267,0.0306323,1.07457,165.629,4.96893,0.101741,0.0340694,1.32401,35,1200,30.0
V08_COR_rep2,V08,calibration,COR,2,0,0,0,0,0,166.141,4.16414,0.0989208,0.0300135,0.521391,165.635,5.3079,0.100331,0.033059,1.04455,47,1833,30.0
V08_COR_rep3,V08,calibration,COR,3,0,0,0,0,0,167.346,4.17943,0.102144,0.0285794,1.32226,165.6,6.20082,0.104562,0.0347937,1.39334,48,1834,30.0
V08_COR_rep4,V08,calibration,COR,4,0,0,0,0,0,168.115,4.28369,0.107181,0.0294794,0.988402,167.295,4.65713,0.109196,0.0325687,1.2639,47,1800,30.0
V08_COR_rep5,V08,calibration,COR,5,0,0,0,0,0,168.292,4.68254,0.113829,0.0237852,0.550444,166.666,5.55777,0.118262,0.0275112,0.811835,48,1700,30.0
V08_COR_rep6,V08,calibration,COR,6,0,0,0,0,0,167.803,5.93726,0.127126,0.0304701,1.33778,166.803,7.59448,0.131559,0.0323381,1.52684,52,1766,30.0
V08_COR_rep7,V08,calibration,COR,7,0,0,0,0,0,170.076,6.91751,0.128738,0.0261793,0.556768,168.731,8.43743,0.132767,0.0340922,0.989874,53,1733,30.0
V08_COR_rep8,V08,calibration,COR,8,0,0,0,0,0,169.234,3.33954,0.141431,0.0246393,0.380743,168.233,6.23385,0.146064,0.0278863,0.601913,54,1768,30.0
V08_COR_rep9,V08,calibration,COR,9,0,0,0,0,0,168.05,3.44069,0.122493,0.0225928,0.678902,167.167,3.70608,0.125313,0.0254855,0.803576,53,1733,30.0
V08_COR_rep10,V08,calibration,COR,10,0,0,0,0,0,168.738,6.79323,0.123097,0.0210475,0.578534,167.378,7.95205,0.125716,0.0245045,0.634982,56,1834,30.0
V08_ELB_rep1,V08,calibration,ELB,1,1,0,0,0,0,135.807,2.24988,0.163962,0.014499,0.868721,131.925,4.23319,0.169148,0.025568,1.03481,47,1667,30.0
V08_ELB_rep2,V08,calibration,ELB,2,1,0,0,0,0,144.247,0.63979,0.159374,0.0294871,1.28245,143.829,9.31461,0.161369,0.0307532,1.33644,60,1966,30.0
V08_ELB_rep3,V08,calibration,ELB,3,1,0,0,0,0,142.542,1.96915,0.170744,0.0260553,1.09906,141.541,9.88329,0.172539,0.0272948,1.29495,57,1900,30.0
V08_ELB_rep4,V08,calibration,ELB,4,1,0,0,0,0,144.944,2.10639,0.171143,0.0163183,0.385644,144.32,7.57638,0.171542,0.0225892,0.48003,62,2033,30.0
V08_ELB_rep5,V08,calibration,ELB,5,1,0,0,0,0,146.286,3.84715,0.17214,0.0276428,1.05686,145.038,9.46916,0.173935,0.0280277,1.11237,63,2066,30.0
V08_HED_rep1,V08,calibration,HED,1,0,0,0,0,1,170.405,4.08274,0.158889,0.0464767,25.4467,169.54,5.16306,0.159688,0.0477521,25.9072,33,1067,30.0
V08_HED_rep2,V08,calibration,HED,2,0,0,0,0,1,170.437,7.20245,0.156095,0.0421868,23.5181,169.388,8.83826,0.158889,0.0437201,23.8803,52,1700,30.0
V08_HED_rep3,V08,calibration,HED,3,0,0,0,0,1,170.024,5.57754,0.150306,0.0353299,30.4986,168.656,6.88867,0.151903,0.0372123,30.9933,55,1800,30.0
V08_HED_rep4,V08,calibration,HED,4,0,0,0,0,1,170.349,6.51062,0.150106,0.026844,31.491,168.668,6.78364,0.152701,0.0343343,32.2873,52,1700,30.0
V08_HED_rep5,V08,calibration,HED,5,0,0,0,0,1,170.054,8.62579,0.155695,0.0219544,32.0578,169.085,8.82058,0.15849,0.031169,32.4615,50,1631,30.0
V08_SHR_rep1,V08,calibration,SHR,1,0,0,1,0,0,171.828,2.97559,0.239521,0.0159264,2.05364,171.552,3.42325,0.242714,0.0298863,2.11885,39,1299,30.0
V08_SHR_rep2,V08,calibration,SHR,2,0,0,1,0,0,171.362,4.6343,0.249301,0.0200386,1.05708,169.885,5.45887,0.250898,0.0324238,1.12428,55,1834,30.0
V08_SHR_rep3,V08,calibration,SHR,3,0,0,1,0,0,171.646,5.44093,0.259081,0.016207,1.38016,168.023,6.1611,0.260279,0.0248822,1.45224,61,2000,30.0
V08_SHR_rep4,V08,calibration,SHR,4,0,0,1,0,0,173.458,9.22973,0.241117,0.00615921,0.999766,170.904,9.50448,0.242914,0.0167365,1.17854,57,1867,30.0
V08_SHR_rep5,V08,calibration,SHR,5,0,0,1,0,0,171.277,9.60422,0.253093,0.011017,1.55867,169.041,11.0048,0.256087,0.0150372,2.01332,64,2101,30.0
V08_TRK_rep1,V08,calibration,TRK,1,0,1,0,1,1,166.805,15.6882,0.147474,0.191976,10.2329,166.275,33.549,0.150062,0.195612,46.309,43,1600,30.0
V08_TRK_rep2,V08,calibration,TRK,2,0,1,0,1,1,166.328,15.2401,0.149863,0.173766,7.32901,164.229,34.2491,0.159814,0.176061,40.126,60,2033,30.0
V08_TRK_rep3,V08,calibration,TRK,3,0,1,0,1,1,167.682,15.7571,0.154838,0.163272,8.32665,165.888,36.4243,0.15842,0.164868,42.0271,66,2167,30.0
V08_TRK_rep4,V08,calibration,TRK,4,0,0,0,1,0,166.77,,0.14827,0.213847,,166.446,30.9263,0.150659,0.215368,37.3445,65,2133,30.0
V08_TRK_rep5,V08,calibration,TRK,5,0,0,0,1,0,165.303,,0.118417,0.206535,,162.929,38.351,0.120606,0.209551,41.1468,62,2033,30.0
V09_ASY_rep1,V09,calibration,ASY,1,1,0,0,0,0,140.991,3.40406,0.0954218,0.0486336,1.92607,133.005,30.7354,0.0998748,0.0546856,2.16959,25,799,30.0
V09_ASY_rep2,V09,calibration,ASY,2,1,1,0,0,0,151.067,61.4315,0.0905447,0.0518615,4.62303,146.803,63.9581,0.0945736,0.0530269,5.10209,53,1734,30.0
V09_ASY_rep3,V09,calibration,ASY,3,1,1,0,0,0,146.123,42.62,0.0691278,0.067221,2.11002,140.981,55.1911,0.0735808,0.072847,2.60713,44,1433,30.0
V09_ASY_rep4,V09,calibration,ASY,4,1,1,0,0,0,151.757,53.8287,0.0735808,0.056857,4.63381,147.049,61.1281,0.0805784,0.0604464,4.8297,44,1433,30.0
V09_ASY_rep5,V09,calibration,ASY,5,1,1,0,0,0,147.556,29.4307,0.0680676,0.0635504,1.03438,141.517,41.9138,0.0733688,0.0648493,1.45738,37,1200,30.0
V09_COR_rep1,V09,calibration,COR,1,0,0,0,0,0,165.517,4.49418,0.10027,0.0317875,0.951031,162.426,7.72849,0.104491,0.047092,1.26918,40,1300,30.0
V09_COR_rep2,V09,calibration,COR,2,0,0,0,0,0,164.589,7.09265,0.0897149,0.0268248,0.667527,162.413,8.72185,0.0924591,0.0416859,0.885839,42,1367,30.0
V09_COR_rep3,V09,calibration,COR,3,0,0,0,0,0,162.968,4.53543,0.0943589,0.0324792,0.806344,162.412,6.92359,0.0966809,0.045172,0.9537,41,1333,30.0
V09_COR_rep4,V09,calibration,COR,4,0,0,0,0,0,160.232,3.75133,0.100692,0.036619,0.705737,159.303,5.02032,0.103858,0.0490252,1.11509,39,1267,30.0
V09_COR_rep5,V09,calibration,COR,5,0,0,0,0,0,160.299,1.62306,0.0873928,0.0413602,0.987146,159.374,7.5772,0.0909814,0.0500486,1.38162,38,1232,30.0
V09_COR_rep6,V09,calibration,COR,6,0,0,0,0,0,164.356,4.45175,0.0819044,0.0330985,1.26918,162.71,8.35466,0.0835931,0.0473055,1.33318,39,1267,30.0
V09_COR_rep7,V09,calibration,COR,7,0,0,0,0,0,161.156,4.96606,0.0867595,0.0408651,0.26034,159.606,7.08304,0.0884483,0.0535836,0.581195,37,1200,30.0
V09_COR_rep8,V09,calibration,COR,8,0,0,0,0,0,160.779,2.31221,0.0933034,0.0390368,0.488127,159.565,4.56935,0.0994252,0.0548729,0.781892,35,1133,30.0
V09_COR_rep9,V09,calibration,COR,9,0,0,0,0,0,163.757,3.66999,0.085493,0.0462962,0.536981,161.523,8.61553,0.0873928,0.0546826,0.89603,36,1167,30.0
V09_COR_rep10,V09,calibration,COR,10,0,0,0,0,0,159.979,2.70942,0.0793713,0.0421986,1.3584,159.124,10.5738,0.0829599,0.053586,1.5537,36,1167,30.0
V09_HED_rep1,V09,calibration,HED,1,0,0,0,0,1,163.539,2.86913,0.104106,0.0227594,27.0963,161.38,7.29228,0.108363,0.0451647,27.9582,38,1266,30.0
V09_HED_rep2,V09,calibration,HED,2,0,0,0,0,1,162.052,6.29132,0.0962285,0.0349055,20.6533,160.421,7.47403,0.100912,0.0510363,21.0343,49,1600,30.0
V09_HED_rep3,V09,calibration,HED,3,0,0,0,0,1,161.712,6.79701,0.118795,0.0514137,31.5284,160.921,8.01739,0.120498,0.0546775,32.6072,54,1767,30.0
V09_HED_rep4,V09,calibration,HED,4,0,0,0,0,1,163.353,12.1035,0.0772808,0.0495134,28.4721,162.062,14.918,0.0800485,0.055151,29.8288,46,1500,30.0
V09_HED_rep5,V09,calibration,HED,5,0,1,0,0,1,163.781,13.6839,0.11177,0.0640743,30.2468,162.515,15.7686,0.11326,0.0664659,31.6264,48,1566,30.0
V09_TRK_rep1,V09,calibration,TRK,1,0,0,0,1,0,160.188,,0.106899,0.195334,,159.497,63.2292,0.107536,0.19588,33.6235,45,1468,30.0
V09_TRK_rep2,V09,calibration,TRK,2,0,0,0,1,0,158.833,,0.0705575,0.199483,,158.478,73.4183,0.0733203,0.203067,41.2428,53,1733,30.0
V09_TRK_rep3,V09,calibration,TRK,3,0,0,0,1,0,159.087,,0.0586562,0.19438,,158.54,68.7649,0.060994,0.199504,39.0334,50,1633,30.0
V09_TRK_rep4,V09,calibration,TRK,4,0,0,0,1,0,154.005,,0.0813962,0.192158,,151.688,73.3896,0.0847965,0.19476,37.628,51,1667,30.0
V09_TRK_rep5,V09,calibration,TRK,5,0,0,0,1,0,157.145,,0.0673697,0.188917,,155.747,70.0253,0.0688573,0.191708,41.0678,47,1533,30.0
